AE SCR 2CFC20 ALARM:6854:-:Average:900;AESCR_ALARM_AVERAGE
AE SCR CBD10 230V IS:6858:-:Average:900;AESCR_CBD
AE SCR CBD10 24V ISO:6857:-:Average:900;testAE SCR CBD10 24V ISO:6857:-:Average:900
AE SCR CBD10 FUSE:6856:-:Average:900;testAE SCR CBD10 FUSE:6856:-:Average:900
AE SCR CBD10 WARNING:6853:-:Average:900;testAE SCR CBD10 WARNING:6853:-:Average:900
AE SCR CFC20 230V IS:6868:-:Average:900;testAE SCR CFC20 230V IS:6868:-:Average:900
AE SCR CFC20 AIR CON:6874:-:Average:900;testAE SCR CFC20 AIR CON:6874:-:Average:900
AE SCR CFC20 ANALYS:6867:-:Average:900;testAE SCR CFC20 ANALYS:6867:-:Average:900
AE SCR CFC20 HUMIDIT:6873:-:Average:900;testAE SCR CFC20 HUMIDIT:6873:-:Average:900
AE SCR CFC20 MEAS GA:6871:-:Average:900;testAE SCR CFC20 MEAS GA:6871:-:Average:900
AE SCR CFC20 U23 DEV:6870:-:Average:900;testAE SCR CFC20 U23 DEV:6870:-:Average:900
AE SCR CFC20 WASH BO:6876:-:Average:900;testAE SCR CFC20 WASH BO:6876:-:Average:900
AE SCR CFC20 WASH FL:6875:-:Average:900;testAE SCR CFC20 WASH FL:6875:-:Average:900
AE SCR NOX SIGNAL:6866:-:Average:900;testAE SCR NOX SIGNAL:6866:-:Average:900
AE1 CA OTL CAC PRESS:1649:Bar:Average:900;testAE1 CA OTL CAC PRESS:1649:Bar:Average:900
AE1 CA OTL CAC TEMP:1654:  C:Average:900;testAE1 CA OTL CAC TEMP:1654:  C:Average:900
AE1 CAC PRESS DIFF:1652:mBar:Average:900;testAE1 CAC PRESS DIFF:1652:mBar:Average:900
AE1 CTRL AIR PRESS:1623:Bar:Average:900;testAE1 CTRL AIR PRESS:1623:Bar:Average:900
AE1 CYL EXHAUST T:1501_S:C:Average:900;testAE1 CYL EXHAUST T:1501_S:C:Average:900
AE1 CYL1 LINER 1 TEM:1701:  C:Average:900;testAE1 CYL1 LINER 1 TEM:1701:  C:Average:900
AE1 CYL1 LINER 1 TEM:1703:-:Average:900;testAE1 CYL1 LINER 1 TEM:1703:-:Average:900
AE1 CYL1 LINER 2 TEM:1704:  C:Average:900;testAE1 CYL1 LINER 2 TEM:1704:  C:Average:900
AE1 CYL1 LINER 2 TEM:1706:-:Average:900;testAE1 CYL1 LINER 2 TEM:1706:-:Average:900
AE1 CYL1 VC EXH TEMP:1501:  C:Average:900;testAE1 CYL1 VC EXH TEMP:1501:  C:Average:900
AE1 CYL1 VD EXH TEMP:1502:  C:Average:900;testAE1 CYL1 VD EXH TEMP:1502:  C:Average:900
AE1 CYL2 LINER 1 TEM:1707:  C:Average:900;testAE1 CYL2 LINER 1 TEM:1707:  C:Average:900
AE1 CYL2 LINER 1 TEM:1709:-:Average:900;testAE1 CYL2 LINER 1 TEM:1709:-:Average:900
AE1 CYL2 LINER 2 TEM:1713:-:Average:900;testAE1 CYL2 LINER 2 TEM:1713:-:Average:900
AE1 CYL2 VC EXH TEMP:1503:  C:Average:900;testAE1 CYL2 VC EXH TEMP:1503:  C:Average:900
AE1 CYL2 VD EXH TEMP:1504:  C:Average:900;testAE1 CYL2 VD EXH TEMP:1504:  C:Average:900
AE1 CYL3 LINER 1 TEM:1714:  C:Average:900;testAE1 CYL3 LINER 1 TEM:1714:  C:Average:900
AE1 CYL3 LINER 1 TEM:1716:-:Average:900;testAE1 CYL3 LINER 1 TEM:1716:-:Average:900
AE1 CYL3 LINER 2 TEM:1717:  C:Average:900;testAE1 CYL3 LINER 2 TEM:1717:  C:Average:900
AE1 CYL3 LINER 2 TEM:1719:-:Average:900;testAE1 CYL3 LINER 2 TEM:1719:-:Average:900
AE1 CYL3 VC EXH TEMP:1505:  C:Average:900;testAE1 CYL3 VC EXH TEMP:1505:  C:Average:900
AE1 CYL3 VD EXH TEMP:1506:  C:Average:900;testAE1 CYL3 VD EXH TEMP:1506:  C:Average:900
AE1 CYL4 LINER 1 TEM:1721:  C:Average:900;testAE1 CYL4 LINER 1 TEM:1721:  C:Average:900
AE1 CYL4 LINER 1 TEM:1723:-:Average:900;testAE1 CYL4 LINER 1 TEM:1723:-:Average:900
AE1 CYL4 LINER 2 TEM:1724:  C:Average:900;testAE1 CYL4 LINER 2 TEM:1724:  C:Average:900
AE1 CYL4 LINER 2 TEM:1726:-:Average:900;testAE1 CYL4 LINER 2 TEM:1726:-:Average:900
AE1 CYL4 VC EXH TEMP:1507:  C:Average:900;testAE1 CYL4 VC EXH TEMP:1507:  C:Average:900
AE1 CYL4 VD EXH TEMP:1508:  C:Average:900;testAE1 CYL4 VD EXH TEMP:1508:  C:Average:900
AE1 CYL5 LINER 1 TEM:1727:  C:Average:900;testAE1 CYL5 LINER 1 TEM:1727:  C:Average:900
AE1 CYL5 LINER 1 TEM:1729:-:Average:900;testAE1 CYL5 LINER 1 TEM:1729:-:Average:900
AE1 CYL5 LINER 2 TEM:1731:  C:Average:900;testAE1 CYL5 LINER 2 TEM:1731:  C:Average:900
AE1 CYL5 LINER 2 TEM:1733:-:Average:900;testAE1 CYL5 LINER 2 TEM:1733:-:Average:900
AE1 CYL5 VC EXH TEMP:1509:  C:Average:900;testAE1 CYL5 VC EXH TEMP:1509:  C:Average:900
AE1 CYL5 VD EXH TEMP:1510:  C:Average:900;testAE1 CYL5 VD EXH TEMP:1510:  C:Average:900
AE1 CYL6 LINER 1 TEM:1734:  C:Average:900;testAE1 CYL6 LINER 1 TEM:1734:  C:Average:900
AE1 CYL6 LINER 1 TEM:1736:-:Average:900;testAE1 CYL6 LINER 1 TEM:1736:-:Average:900
AE1 CYL6 LINER 2 TEM:1737:  C:Average:900;testAE1 CYL6 LINER 2 TEM:1737:  C:Average:900
AE1 CYL6 LINER 2 TEM:1739:-:Average:900;testAE1 CYL6 LINER 2 TEM:1739:-:Average:900
AE1 CYL6 VC EXH TEMP:1511:  C:Average:900;testAE1 CYL6 VC EXH TEMP:1511:  C:Average:900
AE1 CYL6 VD EXH TEMP:1512:  C:Average:900;testAE1 CYL6 VD EXH TEMP:1512:  C:Average:900
AE1 CYLINDER LINERS:1701_S:C:Average:900;testAE1 CYLINDER LINERS:1701_S:C:Average:900
AE1 ENG SPEED BACK U:1747:RPM:Average:900;testAE1 ENG SPEED BACK U:1747:RPM:Average:900
AE1 ENG SPEED:1745:RPM:Average:3600;testAE1 ENG SPEED:1745:RPM:Average:3600
AE1 ENG SPEED:1745:RPM:Average:900;testAE1 ENG SPEED:1745:RPM:Average:900
AE1 ENG SPEED:1745:RPM:Raw data:900;testAE1 ENG SPEED:1745:RPM:Raw data:900
AE1 ENG SPEED:1746:-:Average:900;testAE1 ENG SPEED:1746:-:Average:900
AE1 EXH CA INLET 1:1541:  C:Average:900;testAE1 EXH CA INLET 1:1541:  C:Average:900
AE1 EXH CA INLET 2:1542:  C:Average:900;testAE1 EXH CA INLET 2:1542:  C:Average:900
AE1 EXH CA OUTET 1:1543:  C:Average:900;testAE1 EXH CA OUTET 1:1543:  C:Average:900
AE1 EXH G AFT CYL A1:1592:  C:Average:900;testAE1 EXH G AFT CYL A1:1592:  C:Average:900
AE1 EXH G AFT CYL A2:1593:  C:Average:900;testAE1 EXH G AFT CYL A2:1593:  C:Average:900
AE1 EXH G AFT CYL A3:1594:  C:Average:900;testAE1 EXH G AFT CYL A3:1594:  C:Average:900
AE1 EXH G AFT CYL A4:1595:  C:Average:900;testAE1 EXH G AFT CYL A4:1595:  C:Average:900
AE1 EXH G AFT CYL A5:1596:  C:Average:900;testAE1 EXH G AFT CYL A5:1596:  C:Average:900
AE1 EXH G AFT CYL A6:1597:  C:Average:900;testAE1 EXH G AFT CYL A6:1597:  C:Average:900
AE1 EXH MEAN VALUE:1591:  C:Average:3600;testAE1 EXH MEAN VALUE:1591:  C:Average:3600
AE1 EXH MEAN VALUE:1591:  C:Average:900;testAE1 EXH MEAN VALUE:1591:  C:Average:900
AE1 EXH MEAN VALUE:1591:  C:Raw data:900;testAE1 EXH MEAN VALUE:1591:  C:Raw data:900
AE1 FO DIRTY OIL FLY:1602:-:Average:900;testAE1 FO DIRTY OIL FLY:1602:-:Average:900
AE1 FO INJECTION PIP:1601:-:Average:900;testAE1 FO INJECTION PIP:1601:-:Average:900
AE1 FO INLET PRESS:1603:Bar:Average:900;testAE1 FO INLET PRESS:1603:Bar:Average:900
AE1 FO INLET TEMP:1605:  C:Average:900;testAE1 FO INLET TEMP:1605:  C:Average:900
AE1 FREQUENCY:5512:Hz:Average:900;testAE1 FREQUENCY:5512:Hz:Average:900
AE1 FUEL RACK POSIT:1742:mm:Average:3600;testAE1 FUEL RACK POSIT:1742:mm:Average:3600
AE1 FUEL RACK POSIT:1742:mm:Average:900;testAE1 FUEL RACK POSIT:1742:mm:Average:900
AE1 FUEL RACK POSIT:1742:mm:Raw data:900;testAE1 FUEL RACK POSIT:1742:mm:Raw data:900
AE1 HT CAC OTL TEMP:1644:  C:Average:900;testAE1 HT CAC OTL TEMP:1644:  C:Average:900
AE1 HT INLET PRESS:1631:Bar:Average:900;testAE1 HT INLET PRESS:1631:Bar:Average:900
AE1 HT INLET TEMP:1635:  C:Average:900;testAE1 HT INLET TEMP:1635:  C:Average:900
AE1 HT OUTLET TEMP:1637:  C:Average:900;testAE1 HT OUTLET TEMP:1637:  C:Average:900
AE1 HT OUTLET TEMP:1637_S:C:Average:900;testAE1 HT OUTLET TEMP:1637_S:C:Average:900
AE1 HT OUTLET TEMP:1639:-:Average:900;testAE1 HT OUTLET TEMP:1639:-:Average:900
AE1 HT OUTLET TEMP:1641:  C:Average:900;testAE1 HT OUTLET TEMP:1641:  C:Average:900
AE1 HT OUTLET TEMP:1643:-:Average:900;testAE1 HT OUTLET TEMP:1643:-:Average:900
AE1 LO BACKUP PRESS:1756:-:Average:900;testAE1 LO BACKUP PRESS:1756:-:Average:900
AE1 LO INLET PRESS:1612:Bar:Average:900;testAE1 LO INLET PRESS:1612:Bar:Average:900
AE1 LO INLET PRESS:1614:-:Average:900;testAE1 LO INLET PRESS:1614:-:Average:900
AE1 LO INLET TEMP:1617:  C:Average:900;testAE1 LO INLET TEMP:1617:  C:Average:900
AE1 LO LEVEL:1611:-:Average:900;testAE1 LO LEVEL:1611:-:Average:900
AE1 LO PRESS FILTER:1615:Bar:Average:900;testAE1 LO PRESS FILTER:1615:Bar:Average:900
AE1 LO PRESS FILTER:1616:Bar:Average:900;testAE1 LO PRESS FILTER:1616:Bar:Average:900
AE1 LO TEMP LOC INL:1619:  C:Average:900;testAE1 LO TEMP LOC INL:1619:  C:Average:900
AE1 LT CAC INL TEMP:1645:  C:Average:900;testAE1 LT CAC INL TEMP:1645:  C:Average:900
AE1 LT CAC INLET PRE:1633:Bar:Average:900;testAE1 LT CAC INLET PRE:1633:Bar:Average:900
AE1 LT CAC OTL TEMP:1647:  C:Average:900;testAE1 LT CAC OTL TEMP:1647:  C:Average:900
AE1 LT LOC OTL TEMP:1648:  C:Average:900;testAE1 LT LOC OTL TEMP:1648:  C:Average:900
AE1 POWER:5513:kW:Average:900;testAE1 POWER:5513:kW:Average:900
AE1 RUN HOURS (1-999:1752:nan:Average:900;testAE1 RUN HOURS (1-999:1752:nan:Average:900
AE1 RUN HOURS (>1000:1753:nan:Average:900;testAE1 RUN HOURS (>1000:1753:nan:Average:900
AE1 RUNNING:15004:-:Average:3600;testAE1 RUNNING:15004:-:Average:3600
AE1 RUNNING:15004:-:Raw data:900;testAE1 RUNNING:15004:-:Raw data:900
AE1 RUNNING:1769:-:Average:3600;testAE1 RUNNING:1769:-:Average:3600
AE1 RUNNING:1769:-:Raw data:900;testAE1 RUNNING:1769:-:Raw data:900
AE1 SCR CF54 RED AG:1941:l/h:Average:900;testAE1 SCR CF54 RED AG:1941:l/h:Average:900
AE1 SCR CP153 COMP A:1918:-:Average:900;testAE1 SCR CP153 COMP A:1918:-:Average:900
AE1 SCR CP154 COMP A:1917:-:Average:900;testAE1 SCR CP154 COMP A:1917:-:Average:900
AE1 SCR CP53 RED AG:1942:bar:Average:900;testAE1 SCR CP53 RED AG:1942:bar:Average:900
AE1 SCR CP58 DIFF PR:1938:mbar:Average:900;testAE1 SCR CP58 DIFF PR:1938:mbar:Average:900
AE1 SCR CT55 TEMP IN:1939:C:Average:900;testAE1 SCR CT55 TEMP IN:1939:C:Average:900
AE1 SCR CT56 TEMP OT:1940:C:Average:900;testAE1 SCR CT56 TEMP OT:1940:C:Average:900
AE1 SCR FUSE FAULT:1946:-:Average:900;testAE1 SCR FUSE FAULT:1946:-:Average:900
AE1 SCR GAS SAMPLE L:1922:-:Average:900;testAE1 SCR GAS SAMPLE L:1922:-:Average:900
AE1 SCR GAS SAMPLE P:1921:-:Average:900;testAE1 SCR GAS SAMPLE P:1921:-:Average:900
AE1 SCR LOAD SIGNAL:1923:-:Average:900;testAE1 SCR LOAD SIGNAL:1923:-:Average:900
AE1 SCR NOX LEVEL:1944:ppm:Average:900;testAE1 SCR NOX LEVEL:1944:ppm:Average:900
AE1 SCR NOX LEVEL:1944CALC:g/kWh:Average:900;testAE1 SCR NOX LEVEL:1944CALC:g/kWh:Average:900
AE1 START AIR PRESS:1621:Bar:Average:900;testAE1 START AIR PRESS:1621:Bar:Average:900
AE1 TC SPEED:1748:RPM:Average:3600;testAE1 TC SPEED:1748:RPM:Average:3600
AE1 TC SPEED:1748:RPM:Average:900;testAE1 TC SPEED:1748:RPM:Average:900
AE1 TC SPEED:1748:RPM:Raw data:900;testAE1 TC SPEED:1748:RPM:Raw data:900
AE1 VOLTAGE:5511:V:Average:900;testAE1 VOLTAGE:5511:V:Average:900
AE2 CA OTL CAC PRESS:2649:Bar:Average:900;testAE2 CA OTL CAC PRESS:2649:Bar:Average:900
AE2 CA OTL CAC TEMP:2654:  C:Average:900;testAE2 CA OTL CAC TEMP:2654:  C:Average:900
AE2 CAC PRESS DIFF:2652:mBar:Average:900;testAE2 CAC PRESS DIFF:2652:mBar:Average:900
AE2 CYL EXHAUST T:2501_S:C:Average:900;testAE2 CYL EXHAUST T:2501_S:C:Average:900
AE2 CYL1 LINER 1 TEM:2701:  C:Average:900;testAE2 CYL1 LINER 1 TEM:2701:  C:Average:900
AE2 CYL1 LINER 1 TEM:2703:-:Average:900;testAE2 CYL1 LINER 1 TEM:2703:-:Average:900
AE2 CYL1 LINER 2 TEM:2704:  C:Average:900;testAE2 CYL1 LINER 2 TEM:2704:  C:Average:900
AE2 CYL1 LINER 2 TEM:2706:-:Average:900;testAE2 CYL1 LINER 2 TEM:2706:-:Average:900
AE2 CYL1 VC EXH TEMP:2501:  C:Average:900;testAE2 CYL1 VC EXH TEMP:2501:  C:Average:900
AE2 CYL1 VD EXH TEMP:2502:  C:Average:900;testAE2 CYL1 VD EXH TEMP:2502:  C:Average:900
AE2 CYL2 LINER 1 TEM:2707:  C:Average:900;testAE2 CYL2 LINER 1 TEM:2707:  C:Average:900
AE2 CYL2 LINER 1 TEM:2709:-:Average:900;testAE2 CYL2 LINER 1 TEM:2709:-:Average:900
AE2 CYL2 LINER 2 TEM:2711:  C:Average:900;testAE2 CYL2 LINER 2 TEM:2711:  C:Average:900
AE2 CYL2 LINER 2 TEM:2713:-:Average:900;testAE2 CYL2 LINER 2 TEM:2713:-:Average:900
AE2 CYL2 VC EXH TEMP:2503:  C:Average:900;testAE2 CYL2 VC EXH TEMP:2503:  C:Average:900
AE2 CYL2 VD EXH TEMP:2504:  C:Average:900;testAE2 CYL2 VD EXH TEMP:2504:  C:Average:900
AE2 CYL3 LINER 1 TEM:2714:  C:Average:900;testAE2 CYL3 LINER 1 TEM:2714:  C:Average:900
AE2 CYL3 LINER 1 TEM:2716:-:Average:900;testAE2 CYL3 LINER 1 TEM:2716:-:Average:900
AE2 CYL3 LINER 2 TEM:2717:  C:Average:900;testAE2 CYL3 LINER 2 TEM:2717:  C:Average:900
AE2 CYL3 LINER 2 TEM:2719:-:Average:900;testAE2 CYL3 LINER 2 TEM:2719:-:Average:900
AE2 CYL3 VC EXH TEMP:2505:  C:Average:900;testAE2 CYL3 VC EXH TEMP:2505:  C:Average:900
AE2 CYL3 VD EXH TEMP:2506:  C:Average:900;testAE2 CYL3 VD EXH TEMP:2506:  C:Average:900
AE2 CYL4 LINER 1 TEM:2721:  C:Average:900;testAE2 CYL4 LINER 1 TEM:2721:  C:Average:900
AE2 CYL4 LINER 1 TEM:2723:-:Average:900;testAE2 CYL4 LINER 1 TEM:2723:-:Average:900
AE2 CYL4 LINER 2 TEM:2724:  C:Average:900;testAE2 CYL4 LINER 2 TEM:2724:  C:Average:900
AE2 CYL4 LINER 2 TEM:2726:-:Average:900;testAE2 CYL4 LINER 2 TEM:2726:-:Average:900
AE2 CYL4 VC EXH TEMP:2507:  C:Average:900;testAE2 CYL4 VC EXH TEMP:2507:  C:Average:900
AE2 CYL4 VD EXH TEMP:2508:  C:Average:900;testAE2 CYL4 VD EXH TEMP:2508:  C:Average:900
AE2 CYL5 LINER 1 TEM:2727:  C:Average:900;testAE2 CYL5 LINER 1 TEM:2727:  C:Average:900
AE2 CYL5 LINER 1 TEM:2729:-:Average:900;testAE2 CYL5 LINER 1 TEM:2729:-:Average:900
AE2 CYL5 LINER 2 TEM:2731:  C:Average:900;testAE2 CYL5 LINER 2 TEM:2731:  C:Average:900
AE2 CYL5 LINER 2 TEM:2733:-:Average:900;testAE2 CYL5 LINER 2 TEM:2733:-:Average:900
AE2 CYL5 VC EXH TEMP:2509:  C:Average:900;testAE2 CYL5 VC EXH TEMP:2509:  C:Average:900
AE2 CYL5 VD EXH TEMP:2510:  C:Average:900;testAE2 CYL5 VD EXH TEMP:2510:  C:Average:900
AE2 CYL6 LINER 1 TEM:2734:  C:Average:900;testAE2 CYL6 LINER 1 TEM:2734:  C:Average:900
AE2 CYL6 LINER 1 TEM:2736:-:Average:900;testAE2 CYL6 LINER 1 TEM:2736:-:Average:900
AE2 CYL6 LINER 2 TEM:2737:  C:Average:900;testAE2 CYL6 LINER 2 TEM:2737:  C:Average:900
AE2 CYL6 LINER 2 TEM:2739:-:Average:900;testAE2 CYL6 LINER 2 TEM:2739:-:Average:900
AE2 CYL6 VC EXH TEMP:2511:  C:Average:900;testAE2 CYL6 VC EXH TEMP:2511:  C:Average:900
AE2 CYL6 VD EXH TEMP:2512:  C:Average:900;testAE2 CYL6 VD EXH TEMP:2512:  C:Average:900
AE2 CYLINDER LINERS:2701_S:C:Average:900;testAE2 CYLINDER LINERS:2701_S:C:Average:900
AE2 ENG SPEED BACK U:2747:RPM:Average:900;testAE2 ENG SPEED BACK U:2747:RPM:Average:900
AE2 ENG SPEED:2745:RPM:Average:900;testAE2 ENG SPEED:2745:RPM:Average:900
AE2 ENG SPEED:2746:-:Average:3600;testAE2 ENG SPEED:2746:-:Average:3600
AE2 ENG SPEED:2746:-:Average:900;testAE2 ENG SPEED:2746:-:Average:900
AE2 ENG SPEED:2746:-:Raw data:900;testAE2 ENG SPEED:2746:-:Raw data:900
AE2 EXH CA INLET 1:2541:  C:Average:900;testAE2 EXH CA INLET 1:2541:  C:Average:900
AE2 EXH CA INLET 2:2542:  C:Average:900;testAE2 EXH CA INLET 2:2542:  C:Average:900
AE2 EXH CA OUTET 1:2543:  C:Average:900;testAE2 EXH CA OUTET 1:2543:  C:Average:900
AE2 EXH G AFT CYL A1:2592:  C:Average:900;testAE2 EXH G AFT CYL A1:2592:  C:Average:900
AE2 EXH G AFT CYL A2:2593:  C:Average:900;testAE2 EXH G AFT CYL A2:2593:  C:Average:900
AE2 EXH G AFT CYL A3:2594:  C:Average:900;testAE2 EXH G AFT CYL A3:2594:  C:Average:900
AE2 EXH G AFT CYL A4:2595:  C:Average:900;testAE2 EXH G AFT CYL A4:2595:  C:Average:900
AE2 EXH G AFT CYL A5:2596:  C:Average:900;testAE2 EXH G AFT CYL A5:2596:  C:Average:900
AE2 EXH G AFT CYL A6:2597:  C:Average:900;testAE2 EXH G AFT CYL A6:2597:  C:Average:900
AE2 EXH MEAN VALUE:2591:  C:Average:3600;testAE2 EXH MEAN VALUE:2591:  C:Average:3600
AE2 EXH MEAN VALUE:2591:  C:Average:900;testAE2 EXH MEAN VALUE:2591:  C:Average:900
AE2 EXH MEAN VALUE:2591:  C:Raw data:900;testAE2 EXH MEAN VALUE:2591:  C:Raw data:900
AE2 FO DIRTY OIL FLY:2602:-:Average:900;testAE2 FO DIRTY OIL FLY:2602:-:Average:900
AE2 FO INJECTION PIP:2601:-:Average:900;testAE2 FO INJECTION PIP:2601:-:Average:900
AE2 FO INLET TEMP:2605:  C:Average:900;testAE2 FO INLET TEMP:2605:  C:Average:900
AE2 FREQUENCY:5522:Hz:Average:900;testAE2 FREQUENCY:5522:Hz:Average:900
AE2 FUEL RACK POSIT:2742:mm:Average:3600;testAE2 FUEL RACK POSIT:2742:mm:Average:3600
AE2 FUEL RACK POSIT:2742:mm:Average:900;testAE2 FUEL RACK POSIT:2742:mm:Average:900
AE2 FUEL RACK POSIT:2742:mm:Raw data:900;testAE2 FUEL RACK POSIT:2742:mm:Raw data:900
AE2 HT CAC OTL TEMP:2644:  C:Average:900;testAE2 HT CAC OTL TEMP:2644:  C:Average:900
AE2 HT INLET PRESS:2631:Bar:Average:900;testAE2 HT INLET PRESS:2631:Bar:Average:900
AE2 HT INLET TEMP:2635:  C:Average:900;testAE2 HT INLET TEMP:2635:  C:Average:900
AE2 HT OUTLET TEMP:2637:  C:Average:900;testAE2 HT OUTLET TEMP:2637:  C:Average:900
AE2 HT OUTLET TEMP:2639:-:Average:900;testAE2 HT OUTLET TEMP:2639:-:Average:900
AE2 HT OUTLET TEMP:2641:  C:Average:900;testAE2 HT OUTLET TEMP:2641:  C:Average:900
AE2 HT OUTLET TEMP:2643:-:Average:900;testAE2 HT OUTLET TEMP:2643:-:Average:900
AE2 LO INLET PRESS:2612:Bar:Average:900;testAE2 LO INLET PRESS:2612:Bar:Average:900
AE2 LO INLET PRESS:2614:-:Average:900;testAE2 LO INLET PRESS:2614:-:Average:900
AE2 LO INLET TEMP:2617:  C:Average:900;testAE2 LO INLET TEMP:2617:  C:Average:900
AE2 LT CAC INL TEMP:2645:  C:Average:900;testAE2 LT CAC INL TEMP:2645:  C:Average:900
AE2 LT CAC INLET PRE:2633:Bar:Average:900;testAE2 LT CAC INLET PRE:2633:Bar:Average:900
AE2 LT CAC OTL TEMP:2647:  C:Average:900;testAE2 LT CAC OTL TEMP:2647:  C:Average:900
AE2 LT LOC OTL TEMP:2648:  C:Average:900;testAE2 LT LOC OTL TEMP:2648:  C:Average:900
AE2 POWER:5523:kW:Average:900;testAE2 POWER:5523:kW:Average:900
AE2 RUN HOURS (1-999:2752:nan:Average:900;testAE2 RUN HOURS (1-999:2752:nan:Average:900
AE2 RUN HOURS (>1000:2753:nan:Average:900;testAE2 RUN HOURS (>1000:2753:nan:Average:900
AE2 RUNNING:25004:-:Average:3600;testAE2 RUNNING:25004:-:Average:3600
AE2 RUNNING:25004:-:Raw data:900;testAE2 RUNNING:25004:-:Raw data:900
AE2 RUNNING:2769:-:Average:3600;testAE2 RUNNING:2769:-:Average:3600
AE2 RUNNING:2769:-:Raw data:900;testAE2 RUNNING:2769:-:Raw data:900
AE2 SCR CF54 RED AG:2941:l/h:Average:900;testAE2 SCR CF54 RED AG:2941:l/h:Average:900
AE2 SCR CP153 COMP A:2918:-:Average:900;testAE2 SCR CP153 COMP A:2918:-:Average:900
AE2 SCR CP154 COMP A:2917:-:Average:900;testAE2 SCR CP154 COMP A:2917:-:Average:900
AE2 SCR CP53 RED AG:2942:bar:Average:900;testAE2 SCR CP53 RED AG:2942:bar:Average:900
AE2 SCR CP58 DIFF PR:2938:mbar:Average:900;testAE2 SCR CP58 DIFF PR:2938:mbar:Average:900
AE2 SCR CT55 TEMP IN:2939:C:Average:900;testAE2 SCR CT55 TEMP IN:2939:C:Average:900
AE2 SCR CT56 TEMP OT:2940:C:Average:900;testAE2 SCR CT56 TEMP OT:2940:C:Average:900
AE2 SCR FUSE FAULT:2946:-:Average:900;testAE2 SCR FUSE FAULT:2946:-:Average:900
AE2 SCR GAS SAMPLE L:2922:-:Average:900;testAE2 SCR GAS SAMPLE L:2922:-:Average:900
AE2 SCR GAS SAMPLE P:2921:-:Average:900;testAE2 SCR GAS SAMPLE P:2921:-:Average:900
AE2 SCR LOAD SIGNAL:2923:-:Average:900;testAE2 SCR LOAD SIGNAL:2923:-:Average:900
AE2 SCR NOX LEVEL:2944:ppm:Average:900;testAE2 SCR NOX LEVEL:2944:ppm:Average:900
AE2 SCR NOX LEVEL:2944CALC:g/kWh:Average:900;testAE2 SCR NOX LEVEL:2944CALC:g/kWh:Average:900
AE2 TC SPEED:2748:RPM:Average:3600;testAE2 TC SPEED:2748:RPM:Average:3600
AE2 TC SPEED:2748:RPM:Average:900;testAE2 TC SPEED:2748:RPM:Average:900
AE2 TC SPEED:2748:RPM:Raw data:900;testAE2 TC SPEED:2748:RPM:Raw data:900
AE2 VOLTAGE:5521:V:Average:900;testAE2 VOLTAGE:5521:V:Average:900
AE2/4 HT PREH PUMP:64154:nan:Average:900;testAE2/4 HT PREH PUMP:64154:nan:Average:900
AE3 CA OTL CAC PRESS:3649:Bar:Average:900;testAE3 CA OTL CAC PRESS:3649:Bar:Average:900
AE3 CA OTL CAC TEMP:3654:  C:Average:900;testAE3 CA OTL CAC TEMP:3654:  C:Average:900
AE3 CAC PRESS DIFF:3652:mBar:Average:900;testAE3 CAC PRESS DIFF:3652:mBar:Average:900
AE3 CYL EXHAUST T:3501_S:C:Average:900;testAE3 CYL EXHAUST T:3501_S:C:Average:900
AE3 CYL1 LINER 1 TEM:3701:  C:Average:900;testAE3 CYL1 LINER 1 TEM:3701:  C:Average:900
AE3 CYL1 LINER 1 TEM:3703:-:Average:900;testAE3 CYL1 LINER 1 TEM:3703:-:Average:900
AE3 CYL1 LINER 2 TEM:3704:  C:Average:900;testAE3 CYL1 LINER 2 TEM:3704:  C:Average:900
AE3 CYL1 LINER 2 TEM:3706:-:Average:900;testAE3 CYL1 LINER 2 TEM:3706:-:Average:900
AE3 CYL1 VC EXH TEMP:3501:  C:Average:900;testAE3 CYL1 VC EXH TEMP:3501:  C:Average:900
AE3 CYL1 VD EXH TEMP:3502:  C:Average:900;testAE3 CYL1 VD EXH TEMP:3502:  C:Average:900
AE3 CYL2 LINER 1 TEM:3707:  C:Average:900;testAE3 CYL2 LINER 1 TEM:3707:  C:Average:900
AE3 CYL2 LINER 1 TEM:3709:-:Average:900;testAE3 CYL2 LINER 1 TEM:3709:-:Average:900
AE3 CYL2 LINER 2 TEM:3711:  C:Average:900;testAE3 CYL2 LINER 2 TEM:3711:  C:Average:900
AE3 CYL2 LINER 2 TEM:3713:-:Average:900;testAE3 CYL2 LINER 2 TEM:3713:-:Average:900
AE3 CYL2 VC EXH TEMP:3503:  C:Average:900;testAE3 CYL2 VC EXH TEMP:3503:  C:Average:900
AE3 CYL2 VD EXH TEMP:3504:  C:Average:900;testAE3 CYL2 VD EXH TEMP:3504:  C:Average:900
AE3 CYL3 LINER 1 TEM:3714:  C:Average:900;testAE3 CYL3 LINER 1 TEM:3714:  C:Average:900
AE3 CYL3 LINER 1 TEM:3716:-:Average:900;testAE3 CYL3 LINER 1 TEM:3716:-:Average:900
AE3 CYL3 LINER 2 TEM:3717:  C:Average:900;testAE3 CYL3 LINER 2 TEM:3717:  C:Average:900
AE3 CYL3 LINER 2 TEM:3719:-:Average:900;testAE3 CYL3 LINER 2 TEM:3719:-:Average:900
AE3 CYL3 VC EXH TEMP:3505:  C:Average:900;testAE3 CYL3 VC EXH TEMP:3505:  C:Average:900
AE3 CYL3 VD EXH TEMP:3506:  C:Average:900;testAE3 CYL3 VD EXH TEMP:3506:  C:Average:900
AE3 CYL4 LINER 1 TEM:3721:  C:Average:900;testAE3 CYL4 LINER 1 TEM:3721:  C:Average:900
AE3 CYL4 LINER 1 TEM:3723:-:Average:900;testAE3 CYL4 LINER 1 TEM:3723:-:Average:900
AE3 CYL4 LINER 2 TEM:3724:  C:Average:900;testAE3 CYL4 LINER 2 TEM:3724:  C:Average:900
AE3 CYL4 LINER 2 TEM:3726:-:Average:900;testAE3 CYL4 LINER 2 TEM:3726:-:Average:900
AE3 CYL4 VC EXH TEMP:3507:  C:Average:900;testAE3 CYL4 VC EXH TEMP:3507:  C:Average:900
AE3 CYL4 VD EXH TEMP:3508:  C:Average:900;testAE3 CYL4 VD EXH TEMP:3508:  C:Average:900
AE3 CYL5 LINER 1 TEM:3727:  C:Average:900;testAE3 CYL5 LINER 1 TEM:3727:  C:Average:900
AE3 CYL5 LINER 1 TEM:3729:-:Average:900;testAE3 CYL5 LINER 1 TEM:3729:-:Average:900
AE3 CYL5 LINER 2 TEM:3731:  C:Average:900;testAE3 CYL5 LINER 2 TEM:3731:  C:Average:900
AE3 CYL5 LINER 2 TEM:3733:-:Average:900;testAE3 CYL5 LINER 2 TEM:3733:-:Average:900
AE3 CYL5 VC EXH TEMP:3509:  C:Average:900;testAE3 CYL5 VC EXH TEMP:3509:  C:Average:900
AE3 CYL5 VD EXH TEMP:3510:  C:Average:900;testAE3 CYL5 VD EXH TEMP:3510:  C:Average:900
AE3 CYL6 LINER 1 TEM:3734:  C:Average:900;testAE3 CYL6 LINER 1 TEM:3734:  C:Average:900
AE3 CYL6 LINER 1 TEM:3736:-:Average:900;testAE3 CYL6 LINER 1 TEM:3736:-:Average:900
AE3 CYL6 LINER 2 TEM:3737:  C:Average:900;testAE3 CYL6 LINER 2 TEM:3737:  C:Average:900
AE3 CYL6 LINER 2 TEM:3739:-:Average:900;testAE3 CYL6 LINER 2 TEM:3739:-:Average:900
AE3 CYL6 VC EXH TEMP:3511:  C:Average:900;testAE3 CYL6 VC EXH TEMP:3511:  C:Average:900
AE3 CYL6 VD EXH TEMP:3512:  C:Average:900;testAE3 CYL6 VD EXH TEMP:3512:  C:Average:900
AE3 CYLINDER LINERS:3701_S:C:Average:900;testAE3 CYLINDER LINERS:3701_S:C:Average:900
AE3 ENG SPEED BACK U:3747:RPM:Average:900;testAE3 ENG SPEED BACK U:3747:RPM:Average:900
AE3 ENG SPEED BACKUP:3757:-:Average:900;testAE3 ENG SPEED BACKUP:3757:-:Average:900
AE3 ENG SPEED:3745:RPM:Average:900;testAE3 ENG SPEED:3745:RPM:Average:900
AE3 ENG SPEED:3746:-:Average:3600;testAE3 ENG SPEED:3746:-:Average:3600
AE3 ENG SPEED:3746:-:Average:900;testAE3 ENG SPEED:3746:-:Average:900
AE3 ENG SPEED:3746:-:Raw data:900;testAE3 ENG SPEED:3746:-:Raw data:900
AE3 EXH CA INLET 1:3541:  C:Average:900;testAE3 EXH CA INLET 1:3541:  C:Average:900
AE3 EXH CA INLET 2:3542:  C:Average:900;testAE3 EXH CA INLET 2:3542:  C:Average:900
AE3 EXH CA OUTET 1:3543:  C:Average:900;testAE3 EXH CA OUTET 1:3543:  C:Average:900
AE3 EXH MEAN VALUE:3591:  C:Average:3600;testAE3 EXH MEAN VALUE:3591:  C:Average:3600
AE3 EXH MEAN VALUE:3591:  C:Average:900;testAE3 EXH MEAN VALUE:3591:  C:Average:900
AE3 EXH MEAN VALUE:3591:  C:Raw data:900;testAE3 EXH MEAN VALUE:3591:  C:Raw data:900
AE3 FO INLET PRESS:3603:Bar:Average:900;testAE3 FO INLET PRESS:3603:Bar:Average:900
AE3 FO INLET TEMP:3605:  C:Average:900;testAE3 FO INLET TEMP:3605:  C:Average:900
AE3 FREQUENCY:5532:Hz:Average:900;testAE3 FREQUENCY:5532:Hz:Average:900
AE3 FUEL RACK POSIT:3742:mm:Average:3600;testAE3 FUEL RACK POSIT:3742:mm:Average:3600
AE3 FUEL RACK POSIT:3742:mm:Average:900;testAE3 FUEL RACK POSIT:3742:mm:Average:900
AE3 FUEL RACK POSIT:3742:mm:Raw data:900;testAE3 FUEL RACK POSIT:3742:mm:Raw data:900
AE3 HT CAC OTL TEMP:3644:  C:Average:900;testAE3 HT CAC OTL TEMP:3644:  C:Average:900
AE3 HT INLET PRESS:3631:Bar:Average:900;testAE3 HT INLET PRESS:3631:Bar:Average:900
AE3 HT INLET TEMP:3635:  C:Average:900;testAE3 HT INLET TEMP:3635:  C:Average:900
AE3 HT OUTLET TEMP:3637:  C:Average:900;testAE3 HT OUTLET TEMP:3637:  C:Average:900
AE3 HT OUTLET TEMP:3637_S:C:Average:900;testAE3 HT OUTLET TEMP:3637_S:C:Average:900
AE3 HT OUTLET TEMP:3639:-:Average:900;testAE3 HT OUTLET TEMP:3639:-:Average:900
AE3 HT OUTLET TEMP:3641:  C:Average:900;testAE3 HT OUTLET TEMP:3641:  C:Average:900
AE3 HT OUTLET TEMP:3643:-:Average:900;testAE3 HT OUTLET TEMP:3643:-:Average:900
AE3 LO BACKUP PRESS:3756:-:Average:900;testAE3 LO BACKUP PRESS:3756:-:Average:900
AE3 LO INLET PRESS:3612:Bar:Average:900;testAE3 LO INLET PRESS:3612:Bar:Average:900
AE3 LO INLET PRESS:3614:-:Average:900;testAE3 LO INLET PRESS:3614:-:Average:900
AE3 LO INLET TEMP:3617:  C:Average:900;testAE3 LO INLET TEMP:3617:  C:Average:900
AE3 LT CAC INL TEMP:3645:  C:Average:900;testAE3 LT CAC INL TEMP:3645:  C:Average:900
AE3 LT CAC INLET PRE:3633:Bar:Average:900;testAE3 LT CAC INLET PRE:3633:Bar:Average:900
AE3 LT CAC OTL TEMP:3647:  C:Average:900;testAE3 LT CAC OTL TEMP:3647:  C:Average:900
AE3 LT LOC OTL TEMP:3648:  C:Average:900;testAE3 LT LOC OTL TEMP:3648:  C:Average:900
AE3 POWER:5533:kW:Average:900;testAE3 POWER:5533:kW:Average:900
AE3 RUNNING:35004:-:Average:3600;testAE3 RUNNING:35004:-:Average:3600
AE3 RUNNING:35004:-:Raw data:900;testAE3 RUNNING:35004:-:Raw data:900
AE3 RUNNING:3769:-:Average:3600;testAE3 RUNNING:3769:-:Average:3600
AE3 RUNNING:3769:-:Raw data:900;testAE3 RUNNING:3769:-:Raw data:900
AE3 SCR CF54 RED AG:3941:l/h:Average:900;testAE3 SCR CF54 RED AG:3941:l/h:Average:900
AE3 SCR CP153 COMP A:3918:-:Average:900;testAE3 SCR CP153 COMP A:3918:-:Average:900
AE3 SCR CP154 COMP A:3917:-:Average:900;testAE3 SCR CP154 COMP A:3917:-:Average:900
AE3 SCR CP53 RED AG:3942:bar:Average:900;testAE3 SCR CP53 RED AG:3942:bar:Average:900
AE3 SCR CP58 DIFF PR:3938:mbar:Average:900;testAE3 SCR CP58 DIFF PR:3938:mbar:Average:900
AE3 SCR CT55 TEMP IN:3939:C:Average:900;testAE3 SCR CT55 TEMP IN:3939:C:Average:900
AE3 SCR CT56 TEMP OT:3940:C:Average:900;testAE3 SCR CT56 TEMP OT:3940:C:Average:900
AE3 SCR FUSE FAULT:3946:-:Average:900;testAE3 SCR FUSE FAULT:3946:-:Average:900
AE3 SCR GAS SAMPLE L:3922:-:Average:900;testAE3 SCR GAS SAMPLE L:3922:-:Average:900
AE3 SCR GAS SAMPLE P:3921:-:Average:900;testAE3 SCR GAS SAMPLE P:3921:-:Average:900
AE3 SCR LOAD SIGNAL:3923:-:Average:900;testAE3 SCR LOAD SIGNAL:3923:-:Average:900
AE3 SCR NOX LEVEL:3944:ppm:Average:900;testAE3 SCR NOX LEVEL:3944:ppm:Average:900
AE3 SCR NOX LEVEL:3944CALC:g/kWh:Average:900;testAE3 SCR NOX LEVEL:3944CALC:g/kWh:Average:900
AE3 TC SPEED:3748:RPM:Average:3600;testAE3 TC SPEED:3748:RPM:Average:3600
AE3 TC SPEED:3748:RPM:Average:900;testAE3 TC SPEED:3748:RPM:Average:900
AE3 TC SPEED:3748:RPM:Raw data:900;testAE3 TC SPEED:3748:RPM:Raw data:900
AE3 VOLTAGE:5531:V:Average:900;testAE3 VOLTAGE:5531:V:Average:900
AE4 CA OTL CAC PRESS:4649:Bar:Average:900;testAE4 CA OTL CAC PRESS:4649:Bar:Average:900
AE4 CA OTL CAC TEMP:4654:  C:Average:900;testAE4 CA OTL CAC TEMP:4654:  C:Average:900
AE4 CAC PRESS DIFF:4652:mBar:Average:900;testAE4 CAC PRESS DIFF:4652:mBar:Average:900
AE4 CYL EXHAUST T:4501_S:C:Average:900;testAE4 CYL EXHAUST T:4501_S:C:Average:900
AE4 CYL1 LINER 1 TEM:4701:  C:Average:900;testAE4 CYL1 LINER 1 TEM:4701:  C:Average:900
AE4 CYL1 LINER 1 TEM:4703:-:Average:900;testAE4 CYL1 LINER 1 TEM:4703:-:Average:900
AE4 CYL1 LINER 2 TEM:4704:  C:Average:900;testAE4 CYL1 LINER 2 TEM:4704:  C:Average:900
AE4 CYL1 LINER 2 TEM:4706:-:Average:900;testAE4 CYL1 LINER 2 TEM:4706:-:Average:900
AE4 CYL1 VC EXH TEMP:4501:  C:Average:900;testAE4 CYL1 VC EXH TEMP:4501:  C:Average:900
AE4 CYL1 VD EXH TEMP:4502:  C:Average:900;testAE4 CYL1 VD EXH TEMP:4502:  C:Average:900
AE4 CYL2 LINER 1 TEM:4707:  C:Average:900;testAE4 CYL2 LINER 1 TEM:4707:  C:Average:900
AE4 CYL2 LINER 1 TEM:4709:-:Average:900;testAE4 CYL2 LINER 1 TEM:4709:-:Average:900
AE4 CYL2 LINER 2 TEM:4711:  C:Average:900;testAE4 CYL2 LINER 2 TEM:4711:  C:Average:900
AE4 CYL2 LINER 2 TEM:4713:-:Average:900;testAE4 CYL2 LINER 2 TEM:4713:-:Average:900
AE4 CYL2 VC EXH TEMP:4503:  C:Average:900;testAE4 CYL2 VC EXH TEMP:4503:  C:Average:900
AE4 CYL2 VD EXH TEMP:4504:  C:Average:900;testAE4 CYL2 VD EXH TEMP:4504:  C:Average:900
AE4 CYL3 LINER 1 TEM:4714:  C:Average:900;testAE4 CYL3 LINER 1 TEM:4714:  C:Average:900
AE4 CYL3 LINER 1 TEM:4716:-:Average:900;testAE4 CYL3 LINER 1 TEM:4716:-:Average:900
AE4 CYL3 LINER 2 TEM:4717:  C:Average:900;testAE4 CYL3 LINER 2 TEM:4717:  C:Average:900
AE4 CYL3 LINER 2 TEM:4719:-:Average:900;testAE4 CYL3 LINER 2 TEM:4719:-:Average:900
AE4 CYL3 VC EXH TEMP:4505:  C:Average:900;testAE4 CYL3 VC EXH TEMP:4505:  C:Average:900
AE4 CYL3 VD EXH TEMP:4506:  C:Average:900;testAE4 CYL3 VD EXH TEMP:4506:  C:Average:900
AE4 CYL4 LINER 1 TEM:4721:  C:Average:900;testAE4 CYL4 LINER 1 TEM:4721:  C:Average:900
AE4 CYL4 LINER 1 TEM:4723:-:Average:900;testAE4 CYL4 LINER 1 TEM:4723:-:Average:900
AE4 CYL4 LINER 2 TEM:4724:  C:Average:900;testAE4 CYL4 LINER 2 TEM:4724:  C:Average:900
AE4 CYL4 LINER 2 TEM:4726:-:Average:900;testAE4 CYL4 LINER 2 TEM:4726:-:Average:900
AE4 CYL4 VC EXH TEMP:4507:  C:Average:900;testAE4 CYL4 VC EXH TEMP:4507:  C:Average:900
AE4 CYL4 VD EXH TEMP:4508:  C:Average:900;testAE4 CYL4 VD EXH TEMP:4508:  C:Average:900
AE4 CYL5 LINER 1 TEM:4727:  C:Average:900;testAE4 CYL5 LINER 1 TEM:4727:  C:Average:900
AE4 CYL5 LINER 1 TEM:4729:-:Average:900;testAE4 CYL5 LINER 1 TEM:4729:-:Average:900
AE4 CYL5 LINER 2 TEM:4731:  C:Average:900;testAE4 CYL5 LINER 2 TEM:4731:  C:Average:900
AE4 CYL5 LINER 2 TEM:4733:-:Average:900;testAE4 CYL5 LINER 2 TEM:4733:-:Average:900
AE4 CYL5 VC EXH TEMP:4509:  C:Average:900;testAE4 CYL5 VC EXH TEMP:4509:  C:Average:900
AE4 CYL5 VD EXH TEMP:4510:  C:Average:900;testAE4 CYL5 VD EXH TEMP:4510:  C:Average:900
AE4 CYL6 LINER 1 TEM:4734:  C:Average:900;testAE4 CYL6 LINER 1 TEM:4734:  C:Average:900
AE4 CYL6 LINER 1 TEM:4736:-:Average:900;testAE4 CYL6 LINER 1 TEM:4736:-:Average:900
AE4 CYL6 LINER 2 TEM:4737:  C:Average:900;testAE4 CYL6 LINER 2 TEM:4737:  C:Average:900
AE4 CYL6 LINER 2 TEM:4739:-:Average:900;testAE4 CYL6 LINER 2 TEM:4739:-:Average:900
AE4 CYL6 VC EXH TEMP:4511:  C:Average:900;testAE4 CYL6 VC EXH TEMP:4511:  C:Average:900
AE4 CYL6 VD EXH TEMP:4512:  C:Average:900;testAE4 CYL6 VD EXH TEMP:4512:  C:Average:900
AE4 CYLINDER LINERS:4701_S:C:Average:900;testAE4 CYLINDER LINERS:4701_S:C:Average:900
AE4 ENG SPEED BACK U:4747:RPM:Average:900;testAE4 ENG SPEED BACK U:4747:RPM:Average:900
AE4 ENG SPEED:4745:RPM:Average:900;testAE4 ENG SPEED:4745:RPM:Average:900
AE4 ENG SPEED:4746:-:Average:3600;testAE4 ENG SPEED:4746:-:Average:3600
AE4 ENG SPEED:4746:-:Average:900;testAE4 ENG SPEED:4746:-:Average:900
AE4 ENG SPEED:4746:-:Raw data:900;testAE4 ENG SPEED:4746:-:Raw data:900
AE4 EXH CA INLET 1:4541:  C:Average:900;testAE4 EXH CA INLET 1:4541:  C:Average:900
AE4 EXH CA INLET 2:4542:  C:Average:900;testAE4 EXH CA INLET 2:4542:  C:Average:900
AE4 EXH CA OUTET 1:4543:  C:Average:900;testAE4 EXH CA OUTET 1:4543:  C:Average:900
AE4 EXH MEAN VALUE:4591:  C:Average:3600;testAE4 EXH MEAN VALUE:4591:  C:Average:3600
AE4 EXH MEAN VALUE:4591:  C:Average:900;testAE4 EXH MEAN VALUE:4591:  C:Average:900
AE4 EXH MEAN VALUE:4591:  C:Raw data:900;testAE4 EXH MEAN VALUE:4591:  C:Raw data:900
AE4 FO INLET PRESS:4603:Bar:Average:900;testAE4 FO INLET PRESS:4603:Bar:Average:900
AE4 FO INLET TEMP:4605:  C:Average:900;testAE4 FO INLET TEMP:4605:  C:Average:900
AE4 FREQUENCY:5542:Hz:Average:900;testAE4 FREQUENCY:5542:Hz:Average:900
AE4 FUEL RACK POSIT:4742:mm:Average:3600;testAE4 FUEL RACK POSIT:4742:mm:Average:3600
AE4 FUEL RACK POSIT:4742:mm:Average:900;testAE4 FUEL RACK POSIT:4742:mm:Average:900
AE4 FUEL RACK POSIT:4742:mm:Raw data:900;testAE4 FUEL RACK POSIT:4742:mm:Raw data:900
AE4 HT CAC OTL TEMP:4644:  C:Average:900;testAE4 HT CAC OTL TEMP:4644:  C:Average:900
AE4 HT INLET PRESS:4631:Bar:Average:900;testAE4 HT INLET PRESS:4631:Bar:Average:900
AE4 HT INLET TEMP:4635:  C:Average:900;testAE4 HT INLET TEMP:4635:  C:Average:900
AE4 HT OUTLET TEMP:4637:  C:Average:900;testAE4 HT OUTLET TEMP:4637:  C:Average:900
AE4 HT OUTLET TEMP:4637_S:C:Average:900;testAE4 HT OUTLET TEMP:4637_S:C:Average:900
AE4 HT OUTLET TEMP:4639:-:Average:900;testAE4 HT OUTLET TEMP:4639:-:Average:900
AE4 HT OUTLET TEMP:4641:  C:Average:900;testAE4 HT OUTLET TEMP:4641:  C:Average:900
AE4 HT OUTLET TEMP:4643:-:Average:900;testAE4 HT OUTLET TEMP:4643:-:Average:900
AE4 LO INLET PRESS:4612:Bar:Average:900;testAE4 LO INLET PRESS:4612:Bar:Average:900
AE4 LO INLET PRESS:4614:-:Average:900;testAE4 LO INLET PRESS:4614:-:Average:900
AE4 LO INLET TEMP:4617:  C:Average:900;testAE4 LO INLET TEMP:4617:  C:Average:900
AE4 LT CAC INL TEMP:4645:  C:Average:900;testAE4 LT CAC INL TEMP:4645:  C:Average:900
AE4 LT CAC INLET PRE:4633:Bar:Average:900;testAE4 LT CAC INLET PRE:4633:Bar:Average:900
AE4 LT CAC OTL TEMP:4647:  C:Average:900;testAE4 LT CAC OTL TEMP:4647:  C:Average:900
AE4 LT LOC OTL TEMP:4648:  C:Average:900;testAE4 LT LOC OTL TEMP:4648:  C:Average:900
AE4 POWER:5543:kW:Average:900;testAE4 POWER:5543:kW:Average:900
AE4 RUNNING:45004:-:Average:3600;testAE4 RUNNING:45004:-:Average:3600
AE4 RUNNING:45004:-:Raw data:900;testAE4 RUNNING:45004:-:Raw data:900
AE4 RUNNING:4769:-:Average:3600;testAE4 RUNNING:4769:-:Average:3600
AE4 RUNNING:4769:-:Raw data:900;testAE4 RUNNING:4769:-:Raw data:900
AE4 SCR CF54 RED AG:4941:l/h:Average:900;testAE4 SCR CF54 RED AG:4941:l/h:Average:900
AE4 SCR CP153 COMP A:4918:-:Average:900;testAE4 SCR CP153 COMP A:4918:-:Average:900
AE4 SCR CP154 COMP A:4917:-:Average:900;testAE4 SCR CP154 COMP A:4917:-:Average:900
AE4 SCR CP53 RED AG:4942:bar:Average:900;testAE4 SCR CP53 RED AG:4942:bar:Average:900
AE4 SCR CP58 DIFF PR:4938:mbar:Average:900;testAE4 SCR CP58 DIFF PR:4938:mbar:Average:900
AE4 SCR CT55 TEMP IN:4939:C:Average:900;testAE4 SCR CT55 TEMP IN:4939:C:Average:900
AE4 SCR CT56 TEMP OT:4940:C:Average:900;testAE4 SCR CT56 TEMP OT:4940:C:Average:900
AE4 SCR FUSE FAULT:4946:-:Average:900;testAE4 SCR FUSE FAULT:4946:-:Average:900
AE4 SCR GAS SAMPLE L:4922:-:Average:900;testAE4 SCR GAS SAMPLE L:4922:-:Average:900
AE4 SCR GAS SAMPLE P:4921:-:Average:900;testAE4 SCR GAS SAMPLE P:4921:-:Average:900
AE4 SCR LOAD SIGNAL:4923:-:Average:900;testAE4 SCR LOAD SIGNAL:4923:-:Average:900
AE4 SCR NOX LEVEL:4944:ppm:Average:900;testAE4 SCR NOX LEVEL:4944:ppm:Average:900
AE4 SCR NOX LEVEL:4944CALC:g/kWh:Average:900;testAE4 SCR NOX LEVEL:4944CALC:g/kWh:Average:900
AE4 TC SPEED:4748:RPM:Average:3600;testAE4 TC SPEED:4748:RPM:Average:3600
AE4 TC SPEED:4748:RPM:Average:900;testAE4 TC SPEED:4748:RPM:Average:900
AE4 TC SPEED:4748:RPM:Raw data:900;testAE4 TC SPEED:4748:RPM:Raw data:900
AE4 VOLTAGE:5541:V:Average:900;testAE4 VOLTAGE:5541:V:Average:900
BOILER FEED WATER TA:7301:m3:Average:900;testBOILER FEED WATER TA:7301:m3:Average:900
COOLING WATER TK T9:6401:kg/l:Average:900;testCOOLING WATER TK T9:6401:kg/l:Average:900
COOLING WATER TK T9:6401:m3:Average:900;testCOOLING WATER TK T9:6401:m3:Average:900
COOLING WATER TK T9:6401:m:Average:900;testCOOLING WATER TK T9:6401:m:Average:900
COOLING WATER TK T9:6401:t:Average:900;testCOOLING WATER TK T9:6401:t:Average:900
DIRTY OIL TANK T8C:6602:m3:Average:900;testDIRTY OIL TANK T8C:6602:m3:Average:900
DO DAY TANK T32C:6111:m3:Average:900;testDO DAY TANK T32C:6111:m3:Average:900
DO DAY TANK T32C:6111:m3:Raw data:900;testDO DAY TANK T32C:6111:m3:Raw data:900
DO DRAIN TANK T7CP:6114:m3:Average:900;testDO DRAIN TANK T7CP:6114:m3:Average:900
DO DRAIN TANK T7CP:6114:m3:Raw data:900;testDO DRAIN TANK T7CP:6114:m3:Raw data:900
DO OVERFLOW T22CS:6113:m3:Average:900;testDO OVERFLOW T22CS:6113:m3:Average:900
DO OVERFLOW T22CS:6113:m3:Raw data:900;testDO OVERFLOW T22CS:6113:m3:Raw data:900
DO STORAGE TK T22P:6112:kg/l:Average:900;testDO STORAGE TK T22P:6112:kg/l:Average:900
DO STORAGE TK T22P:6112:kg/l:Raw data:900;testDO STORAGE TK T22P:6112:kg/l:Raw data:900
DO STORAGE TK T22P:6112:m3:Average:900;testDO STORAGE TK T22P:6112:m3:Average:900
DO STORAGE TK T22P:6112:m3:Raw data:900;testDO STORAGE TK T22P:6112:m3:Raw data:900
DO STORAGE TK T22P:6112:m:Average:900;testDO STORAGE TK T22P:6112:m:Average:900
DO STORAGE TK T22P:6112:m:Raw data:900;testDO STORAGE TK T22P:6112:m:Raw data:900
DO STORAGE TK T22P:6112:t:Average:900;testDO STORAGE TK T22P:6112:t:Average:900
DO STORAGE TK T22P:6112:t:Raw data:900;testDO STORAGE TK T22P:6112:t:Raw data:900
EGBO AE1 UPTAKE TEMP:7321:C:Average:900;testEGBO AE1 UPTAKE TEMP:7321:C:Average:900
EGBO AE2 UPTAKE TEMP:7341:C:Average:900;testEGBO AE2 UPTAKE TEMP:7341:C:Average:900
EGBO AE3 UPTAKE TEMP:7322:C:Average:900;testEGBO AE3 UPTAKE TEMP:7322:C:Average:900
EGBO AE4 UPTAKE TEMP:7342:C:Average:900;testEGBO AE4 UPTAKE TEMP:7342:C:Average:900
EGBO ME2 UPTAKE TEMP:7340:C:Average:900;testEGBO ME2 UPTAKE TEMP:7340:C:Average:900
EGBO ME3 UPTAKE TEMP:7320:C:Average:900;testEGBO ME3 UPTAKE TEMP:7320:C:Average:900
FO BOOST 1 CONSUMPT:6165:m3/h:Average:900;testFO BOOST 1 CONSUMPT:6165:m3/h:Average:900
FO BOOST 1 CONSUMPT:6165:m3/h:Raw data:900;testFO BOOST 1 CONSUMPT:6165:m3/h:Raw data:900
FO BOOST 1 CONSUMPT:6165:m3:Average:900;testFO BOOST 1 CONSUMPT:6165:m3:Average:900
FO BOOST 1 CONSUMPT:6165:m3:Raw data:900;testFO BOOST 1 CONSUMPT:6165:m3:Raw data:900
FO BOOST 2 CONSUMPT:6166:m3/h:Average:900;testFO BOOST 2 CONSUMPT:6166:m3/h:Average:900
FO BOOST 2 CONSUMPT:6166:m3/h:Raw data:900;testFO BOOST 2 CONSUMPT:6166:m3/h:Raw data:900
FO BOOST 2 CONSUMPT:6166:m3:Average:900;testFO BOOST 2 CONSUMPT:6166:m3:Average:900
FO BOOST 2 CONSUMPT:6166:m3:Raw data:900;testFO BOOST 2 CONSUMPT:6166:m3:Raw data:900
FO TEMP AFTER ME1/3|:6137:C:Average:900;testFO TEMP AFTER ME1/3|:6137:C:Average:900
FO TEMP AFTER ME1/3|:6137:C:Raw data:900;testFO TEMP AFTER ME1/3|:6137:C:Raw data:900
FO TEMP AFTER ME2/4|:6138:C:Average:900;testFO TEMP AFTER ME2/4|:6138:C:Average:900
FO TEMP AFTER ME2/4|:6138:C:Raw data:900;testFO TEMP AFTER ME2/4|:6138:C:Raw data:900
FO VISCOSITY ME1/3:6141:-:Average:900;testFO VISCOSITY ME1/3:6141:-:Average:900
FO VISCOSITY ME1/3:6141:-:Raw data:900;testFO VISCOSITY ME1/3:6141:-:Raw data:900
FO VISCOSITY ME2/4:6142:-:Average:900;testFO VISCOSITY ME2/4:6142:-:Average:900
FO VISCOSITY ME2/4:6142:-:Raw data:900;testFO VISCOSITY ME2/4:6142:-:Raw data:900
FRESH WATER TK T25P:6702:kg/l:Average:900;testFRESH WATER TK T25P:6702:kg/l:Average:900
FRESH WATER TK T25P:6702:m3:Average:900;testFRESH WATER TK T25P:6702:m3:Average:900
FRESH WATER TK T25P:6702:m:Average:900;testFRESH WATER TK T25P:6702:m:Average:900
FRESH WATER TK T25P:6702:t:Average:900;testFRESH WATER TK T25P:6702:t:Average:900
FRESH WATER TK T25S:6701:kg/l:Average:900;testFRESH WATER TK T25S:6701:kg/l:Average:900
FRESH WATER TK T25S:6701:m3:Average:900;testFRESH WATER TK T25S:6701:m3:Average:900
FRESH WATER TK T25S:6701:m:Average:900;testFRESH WATER TK T25S:6701:m:Average:900
FRESH WATER TK T25S:6701:t:Average:900;testFRESH WATER TK T25S:6701:t:Average:900
FW/SPR TANK BOW T20P:6704:m3:Average:900;testFW/SPR TANK BOW T20P:6704:m3:Average:900
FW/SPR TANK BOW T20S:6703:m3:Average:900;testFW/SPR TANK BOW T20S:6703:m3:Average:900
HFO DAY TANK P T32CP:6102:m3:Average:900;testHFO DAY TANK P T32CP:6102:m3:Average:900
HFO DAY TANK P T32CP:6102:m3:Raw data:900;testHFO DAY TANK P T32CP:6102:m3:Raw data:900
HFO DAY TANK S T32CS:6101:m3:Average:900;testHFO DAY TANK S T32CS:6101:m3:Average:900
HFO DAY TANK S T32CS:6101:m3:Raw data:900;testHFO DAY TANK S T32CS:6101:m3:Raw data:900
HFO DAY TK T32CP TMP:6120:C:Average:900;testHFO DAY TK T32CP TMP:6120:C:Average:900
HFO DAY TK T32CP TMP:6120:C:Raw data:900;testHFO DAY TK T32CP TMP:6120:C:Raw data:900
HFO DAY TK T32CS TMP:6121:C:Average:900;testHFO DAY TK T32CS TMP:6121:C:Average:900
HFO DAY TK T32CS TMP:6121:C:Raw data:900;testHFO DAY TK T32CS TMP:6121:C:Raw data:900
HFO MID STOR T T23P:6106:m3:Average:900;testHFO MID STOR T T23P:6106:m3:Average:900
HFO MID STOR T T23P:6106:m3:Raw data:900;testHFO MID STOR T T23P:6106:m3:Raw data:900
HFO MID STOR T T23S:6105:m3:Average:900;testHFO MID STOR T T23S:6105:m3:Average:900
HFO MID STOR T T23S:6105:m3:Raw data:900;testHFO MID STOR T T23S:6105:m3:Raw data:900
HFO OVERFL TK T22CP:6108:kg/l:Average:900;testHFO OVERFL TK T22CP:6108:kg/l:Average:900
HFO OVERFL TK T22CP:6108:kg/l:Raw data:900;testHFO OVERFL TK T22CP:6108:kg/l:Raw data:900
HFO OVERFL TK T22CP:6108:m3:Average:900;testHFO OVERFL TK T22CP:6108:m3:Average:900
HFO OVERFL TK T22CP:6108:m3:Raw data:900;testHFO OVERFL TK T22CP:6108:m3:Raw data:900
HFO OVERFL TK T22CP:6108:m:Average:900;testHFO OVERFL TK T22CP:6108:m:Average:900
HFO OVERFL TK T22CP:6108:m:Raw data:900;testHFO OVERFL TK T22CP:6108:m:Raw data:900
HFO OVERFL TK T22CP:6108:t:Average:900;testHFO OVERFL TK T22CP:6108:t:Average:900
HFO OVERFL TK T22CP:6108:t:Raw data:900;testHFO OVERFL TK T22CP:6108:t:Raw data:900
HFO SETTLING T T31CP:6104:m3:Average:900;testHFO SETTLING T T31CP:6104:m3:Average:900
HFO SETTLING T T31CP:6104:m3:Raw data:900;testHFO SETTLING T T31CP:6104:m3:Raw data:900
HFO SETTLING T T31CS:6103:m3:Average:900;testHFO SETTLING T T31CS:6103:m3:Average:900
HFO SETTLING T T31CS:6103:m3:Raw data:900;testHFO SETTLING T T31CS:6103:m3:Raw data:900
HFO STOR TK T22S TMP:6124:C:Average:900;testHFO STOR TK T22S TMP:6124:C:Average:900
HFO STOR TK T22S TMP:6124:C:Raw data:900;testHFO STOR TK T22S TMP:6124:C:Raw data:900
HFO STOR TK T23P:6122:C:Average:900;testHFO STOR TK T23P:6122:C:Average:900
HFO STOR TK T23P:6122:C:Raw data:900;testHFO STOR TK T23P:6122:C:Raw data:900
HFO STOR TK T23S:6123:C:Average:900;testHFO STOR TK T23S:6123:C:Average:900
HFO STOR TK T23S:6123:C:Raw data:900;testHFO STOR TK T23S:6123:C:Raw data:900
HFO STORAGE TK T22S:6107:kg/l:Average:900;testHFO STORAGE TK T22S:6107:kg/l:Average:900
HFO STORAGE TK T22S:6107:kg/l:Raw data:900;testHFO STORAGE TK T22S:6107:kg/l:Raw data:900
HFO STORAGE TK T22S:6107:m3:Average:900;testHFO STORAGE TK T22S:6107:m3:Average:900
HFO STORAGE TK T22S:6107:m3:Raw data:900;testHFO STORAGE TK T22S:6107:m3:Raw data:900
HFO STORAGE TK T22S:6107:m:Average:900;testHFO STORAGE TK T22S:6107:m:Average:900
HFO STORAGE TK T22S:6107:m:Raw data:900;testHFO STORAGE TK T22S:6107:m:Raw data:900
HFO STORAGE TK T22S:6107:t:Average:900;testHFO STORAGE TK T22S:6107:t:Average:900
HFO STORAGE TK T22S:6107:t:Raw data:900;testHFO STORAGE TK T22S:6107:t:Raw data:900
HOT WATER HEATER TEM:6712:C:Average:900;testHOT WATER HEATER TEM:6712:C:Average:900
HOT WATER TEMPERATUR:6711:C:Average:900;testHOT WATER TEMPERATUR:6711:C:Average:900
HOUR COUNTER:64011:h:Average:900;testHOUR COUNTER:64011:h:Average:900
HOUR COUNTER:64031:h:Average:900;testHOUR COUNTER:64031:h:Average:900
HOUR COUNTER:71004:h:Average:900;testHOUR COUNTER:71004:h:Average:900
HOUR COUNTER:71014:h:Average:900;testHOUR COUNTER:71014:h:Average:900
ME ROOM AFT TEMP:7702:C:Average:900;testME ROOM AFT TEMP:7702:C:Average:900
ME ROOM FWD TEMP:7703:C:Average:900;testME ROOM FWD TEMP:7703:C:Average:900
ME ROOM INTAKE AIR T:7701:C:Average:900;testME ROOM INTAKE AIR T:7701:C:Average:900
ME/AE 1/3 HT WATER T:6428:C:Average:900;testME/AE 1/3 HT WATER T:6428:C:Average:900
ME/AE 1/3 HT WATER T:6430:C:Average:900;testME/AE 1/3 HT WATER T:6430:C:Average:900
ME/AE 1/3 HT WATER T:6430V:%:Average:900;testME/AE 1/3 HT WATER T:6430V:%:Average:900
ME/AE 1/3 P PRO LT T:6426:C:Average:900;testME/AE 1/3 P PRO LT T:6426:C:Average:900
ME/AE 1/3 P PRO LT T:6426V:%:Average:900;testME/AE 1/3 P PRO LT T:6426V:%:Average:900
ME/AE 1/3 P PROP LT:6424:C:Average:900;testME/AE 1/3 P PROP LT:6424:C:Average:900
ME/AE 1/3 SW COOL PU:6435:C:Average:900;testME/AE 1/3 SW COOL PU:6435:C:Average:900
ME/AE 2/4 HT WATER T:6429:C:Average:900;testME/AE 2/4 HT WATER T:6429:C:Average:900
ME/AE 2/4 HT WATER T:6431:C:Average:900;testME/AE 2/4 HT WATER T:6431:C:Average:900
ME/AE 2/4 HT WATER T:6431V:%:Average:900;testME/AE 2/4 HT WATER T:6431V:%:Average:900
ME/AE 2/4 S PRO LT T:6427:C:Average:900;testME/AE 2/4 S PRO LT T:6427:C:Average:900
ME/AE 2/4 S PRO LT T:6427V:%:Average:900;testME/AE 2/4 S PRO LT T:6427V:%:Average:900
ME/AE 2/4 S PROP LT:6425:C:Average:900;testME/AE 2/4 S PROP LT:6425:C:Average:900
ME/AE 2/4 SW COOL PU:6436:C:Average:900;testME/AE 2/4 SW COOL PU:6436:C:Average:900
ME1 CA PRESS COOL OU:1342:bar:Average:900;testME1 CA PRESS COOL OU:1342:bar:Average:900
ME1 CA TEMP COOL OUT:1343:C:Average:900;testME1 CA TEMP COOL OUT:1343:C:Average:900
ME1 CHARGE AIR TEMP:1347:C:Average:900;testME1 CHARGE AIR TEMP:1347:C:Average:900
ME1 CHARGE AIR TEMP:1347V:%:Average:900;testME1 CHARGE AIR TEMP:1347V:%:Average:900
ME1 CYL1 LINER 1 TEM:1001:C:Average:900;testME1 CYL1 LINER 1 TEM:1001:C:Average:900
ME1 CYL1 LINER 2 TEM:1002:C:Average:900;testME1 CYL1 LINER 2 TEM:1002:C:Average:900
ME1 CYL1 LINER 3 TEM:1003:C:Average:900;testME1 CYL1 LINER 3 TEM:1003:C:Average:900
ME1 CYL1 VC EXH TEMP:1101:C:Average:900;testME1 CYL1 VC EXH TEMP:1101:C:Average:900
ME1 CYL1 VD EXH TEMP:1102:C:Average:900;testME1 CYL1 VD EXH TEMP:1102:C:Average:900
ME1 CYL2 LINER 1 TEM:1004:C:Average:900;testME1 CYL2 LINER 1 TEM:1004:C:Average:900
ME1 CYL2 LINER 2 TEM:1005:C:Average:900;testME1 CYL2 LINER 2 TEM:1005:C:Average:900
ME1 CYL2 LINER 3 TEM:1006:C:Average:900;testME1 CYL2 LINER 3 TEM:1006:C:Average:900
ME1 CYL2 VC EXH TEMP:1103:C:Average:900;testME1 CYL2 VC EXH TEMP:1103:C:Average:900
ME1 CYL2 VD EXH TEMP:1104:C:Average:900;testME1 CYL2 VD EXH TEMP:1104:C:Average:900
ME1 CYL3 LINER 1 TEM:1007:C:Average:900;testME1 CYL3 LINER 1 TEM:1007:C:Average:900
ME1 CYL3 LINER 2 TEM:1008:C:Average:900;testME1 CYL3 LINER 2 TEM:1008:C:Average:900
ME1 CYL3 LINER 3 TEM:1009:C:Average:900;testME1 CYL3 LINER 3 TEM:1009:C:Average:900
ME1 CYL3 VC EXH TEMP:1105:C:Average:900;testME1 CYL3 VC EXH TEMP:1105:C:Average:900
ME1 CYL3 VD EXH TEMP:1106:C:Average:900;testME1 CYL3 VD EXH TEMP:1106:C:Average:900
ME1 CYL4 LINER 1 TEM:1010:C:Average:900;testME1 CYL4 LINER 1 TEM:1010:C:Average:900
ME1 CYL4 LINER 2 TEM:1011:C:Average:900;testME1 CYL4 LINER 2 TEM:1011:C:Average:900
ME1 CYL4 LINER 3 TEM:1012:C:Average:900;testME1 CYL4 LINER 3 TEM:1012:C:Average:900
ME1 CYL4 VC EXH TEMP:1107:C:Average:900;testME1 CYL4 VC EXH TEMP:1107:C:Average:900
ME1 CYL4 VD EXH TEMP:1108:C:Average:900;testME1 CYL4 VD EXH TEMP:1108:C:Average:900
ME1 CYL5 LINER 1 TEM:1013:C:Average:900;testME1 CYL5 LINER 1 TEM:1013:C:Average:900
ME1 CYL5 LINER 2 TEM:1014:C:Average:900;testME1 CYL5 LINER 2 TEM:1014:C:Average:900
ME1 CYL5 LINER 3 TEM:1015:C:Average:900;testME1 CYL5 LINER 3 TEM:1015:C:Average:900
ME1 CYL5 VC EXH TEMP:1109:C:Average:900;testME1 CYL5 VC EXH TEMP:1109:C:Average:900
ME1 CYL5 VD EXH TEMP:1110:C:Average:900;testME1 CYL5 VD EXH TEMP:1110:C:Average:900
ME1 CYL6 LINER 1 TEM:1016:C:Average:900;testME1 CYL6 LINER 1 TEM:1016:C:Average:900
ME1 CYL6 LINER 2 TEM:1017:C:Average:900;testME1 CYL6 LINER 2 TEM:1017:C:Average:900
ME1 CYL6 LINER 3 TEM:1018:C:Average:900;testME1 CYL6 LINER 3 TEM:1018:C:Average:900
ME1 CYL6 VC EXH TEMP:1111:C:Average:900;testME1 CYL6 VC EXH TEMP:1111:C:Average:900
ME1 CYL6 VD EXH TEMP:1112:C:Average:900;testME1 CYL6 VD EXH TEMP:1112:C:Average:900
ME1 ENGINE SPEED:1364:rpm:Average:3600;testME1 ENGINE SPEED:1364:rpm:Average:3600
ME1 ENGINE SPEED:1364:rpm:Average:900;testME1 ENGINE SPEED:1364:rpm:Average:900
ME1 ENGINE SPEED:1364:rpm:Raw data:900;testME1 ENGINE SPEED:1364:rpm:Raw data:900
ME1 EXH GAS MEAN:1125:C:Average:3600;testME1 EXH GAS MEAN:1125:C:Average:3600
ME1 EXH GAS MEAN:1125:C:Average:900;testME1 EXH GAS MEAN:1125:C:Average:900
ME1 EXH GAS MEAN:1125:C:Raw data:900;testME1 EXH GAS MEAN:1125:C:Raw data:900
ME1 FO FILTER:1303:-:Average:900;testME1 FO FILTER:1303:-:Average:900
ME1 FO HP PIPE:1311:-:Average:900;testME1 FO HP PIPE:1311:-:Average:900
ME1 FO INLET PRESS:1301:bar:Average:900;testME1 FO INLET PRESS:1301:bar:Average:900
ME1 FO INLET TEMP:1302:C:Average:900;testME1 FO INLET TEMP:1302:C:Average:900
ME1 FUEL RACK POSIT:10005:%:Average:3600;testME1 FUEL RACK POSIT:10005:%:Average:3600
ME1 FUEL RACK POSIT:10005:%:Average:900;testME1 FUEL RACK POSIT:10005:%:Average:900
ME1 FUEL RACK POSIT:10005:%:Raw data:900;testME1 FUEL RACK POSIT:10005:%:Raw data:900
ME1 HT INLET PRESS:1201:bar:Average:900;testME1 HT INLET PRESS:1201:bar:Average:900
ME1 HT INLET PRESS:1211:-:Average:900;testME1 HT INLET PRESS:1211:-:Average:900
ME1 HT OUTLET TEMP:1203:C:Average:900;testME1 HT OUTLET TEMP:1203:C:Average:900
ME1 HT OUTLET TEMP:1212:-:Average:900;testME1 HT OUTLET TEMP:1212:-:Average:900
ME1 HT TEMP HIGH OUT:1213:-:Average:900;testME1 HT TEMP HIGH OUT:1213:-:Average:900
ME1 HT WATR INL TEMP:1202:C:Average:900;testME1 HT WATR INL TEMP:1202:C:Average:900
ME1 LO AUTO FILTER:1324:-:Average:900;testME1 LO AUTO FILTER:1324:-:Average:900
ME1 LO FILTER:1325:-:Average:900;testME1 LO FILTER:1325:-:Average:900
ME1 LO INLET PRESS:1321:bar:Average:900;testME1 LO INLET PRESS:1321:bar:Average:900
ME1 LO INLET PRESS:1326:-:Average:900;testME1 LO INLET PRESS:1326:-:Average:900
ME1 LO INLET TEMP:1322:C:Average:900;testME1 LO INLET TEMP:1322:C:Average:900
ME1 LO INLET TEMP:1327:-:Average:900;testME1 LO INLET TEMP:1327:-:Average:900
ME1 LO PRESS GEAR:1328:-:Average:900;testME1 LO PRESS GEAR:1328:-:Average:900
ME1 LO PRESS TC INLE:1323:bar:Average:900;testME1 LO PRESS TC INLE:1323:bar:Average:900
ME1 LO TEMP TC OUTLE:1329:C:Average:900;testME1 LO TEMP TC OUTLE:1329:C:Average:900
ME1 LT INLET PRESS:1251:bar:Average:900;testME1 LT INLET PRESS:1251:bar:Average:900
ME1 LT INLET TEMP:1252:C:Average:900;testME1 LT INLET TEMP:1252:C:Average:900
ME1 RUNNING:10004:-:Average:3600;testME1 RUNNING:10004:-:Average:3600
ME1 RUNNING:10004:-:Raw data:900;testME1 RUNNING:10004:-:Raw data:900
ME1 SCR CF54 RED AG:1441:l/h:Average:900;testME1 SCR CF54 RED AG:1441:l/h:Average:900
ME1 SCR CP153 COMP A:1418:-:Average:900;testME1 SCR CP153 COMP A:1418:-:Average:900
ME1 SCR CP154 COMP A:1417:-:Average:900;testME1 SCR CP154 COMP A:1417:-:Average:900
ME1 SCR CP53 RED AG:1442:bar:Average:900;testME1 SCR CP53 RED AG:1442:bar:Average:900
ME1 SCR CP58 DIFF PR:1438:mbar:Average:900;testME1 SCR CP58 DIFF PR:1438:mbar:Average:900
ME1 SCR CT55 TEMP IN:1439:C:Average:900;testME1 SCR CT55 TEMP IN:1439:C:Average:900
ME1 SCR CT56 TEMP OT:1440:C:Average:900;testME1 SCR CT56 TEMP OT:1440:C:Average:900
ME1 SCR FUSE FAULT:1412:-:Average:900;testME1 SCR FUSE FAULT:1412:-:Average:900
ME1 SCR GAS SAMPLE L:1422:-:Average:900;testME1 SCR GAS SAMPLE L:1422:-:Average:900
ME1 SCR GAS SAMPLE P:1421:-:Average:900;testME1 SCR GAS SAMPLE P:1421:-:Average:900
ME1 SCR LOAD SIGNAL:1423:-:Average:900;testME1 SCR LOAD SIGNAL:1423:-:Average:900
ME1 SCR NOX LEVEL:1444:ppm:Average:900;testME1 SCR NOX LEVEL:1444:ppm:Average:900
ME1 SCR NOX LEVEL:1444CALC:g/kWh:Average:900;testME1 SCR NOX LEVEL:1444CALC:g/kWh:Average:900
ME1 SPEED MEASURING:1372:-:Average:900;testME1 SPEED MEASURING:1372:-:Average:900
ME1 T/C SPEED:10006:rpm:Average:3600;testME1 T/C SPEED:10006:rpm:Average:3600
ME1 T/C SPEED:10006:rpm:Average:900;testME1 T/C SPEED:10006:rpm:Average:900
ME1 T/C SPEED:10006:rpm:Raw data:900;testME1 T/C SPEED:10006:rpm:Raw data:900
ME1 TC BY-PASS VALVE:1368:-:Average:3600;testME1 TC BY-PASS VALVE:1368:-:Average:3600
ME1 TC BY-PASS VALVE:1368:-:Average:900;testME1 TC BY-PASS VALVE:1368:-:Average:900
ME1 TC BY-PASS VALVE:1368:-:Raw data:900;testME1 TC BY-PASS VALVE:1368:-:Raw data:900
ME1 TC INL EXH TEMP:1161:C:Average:3600;testME1 TC INL EXH TEMP:1161:C:Average:3600
ME1 TC INL EXH TEMP:1161:C:Average:900;testME1 TC INL EXH TEMP:1161:C:Average:900
ME1 TC INL EXH TEMP:1161:C:Raw data:900;testME1 TC INL EXH TEMP:1161:C:Raw data:900
ME1 TC OTL EXH TEMP:1162:C:Average:3600;testME1 TC OTL EXH TEMP:1162:C:Average:3600
ME1 TC OTL EXH TEMP:1162:C:Average:900;testME1 TC OTL EXH TEMP:1162:C:Average:900
ME1 TC OTL EXH TEMP:1162:C:Raw data:900;testME1 TC OTL EXH TEMP:1162:C:Raw data:900
ME1/3 BOOST FO VLV:61111:-:Average:900;testME1/3 BOOST FO VLV:61111:-:Average:900
ME1/3 BOOST FO VLV:61111:-:Raw data:900;testME1/3 BOOST FO VLV:61111:-:Raw data:900
ME1/3 HT PREH PUMP:64124:nan:Average:900;testME1/3 HT PREH PUMP:64124:nan:Average:900
ME1/3|AE1/3 BOOST PR:6152:bar:Raw data:900;testME1/3|AE1/3 BOOST PR:6152:bar:Raw data:900
ME1/3|AE1/3 BOOST UN:6139:-:Average:900;testME1/3|AE1/3 BOOST UN:6139:-:Average:900
ME1/3|AE1/3 BOOST UN:6139:-:Raw data:900;testME1/3|AE1/3 BOOST UN:6139:-:Raw data:900
ME1/3|AE1/3 FEED PR.:6150:bar:Raw data:900;testME1/3|AE1/3 FEED PR.:6150:bar:Raw data:900
ME1/3|AE1/3 SW TEMP:6412:C:Average:900;testME1/3|AE1/3 SW TEMP:6412:C:Average:900
ME1/3|AE1/3 SW TEMP:6412V:%:Average:900;testME1/3|AE1/3 SW TEMP:6412V:%:Average:900
ME2 CA PRESS COOL OU:2342:bar:Average:900;testME2 CA PRESS COOL OU:2342:bar:Average:900
ME2 CA TEMP COOL OUT:2343:C:Average:900;testME2 CA TEMP COOL OUT:2343:C:Average:900
ME2 CHARGE AIR TEMP:2347:C:Average:900;testME2 CHARGE AIR TEMP:2347:C:Average:900
ME2 CTRL AIR PRESS:2346:bar:Average:900;testME2 CTRL AIR PRESS:2346:bar:Average:900
ME2 CYL1 LINER 1 TEM:2001:C:Average:900;testME2 CYL1 LINER 1 TEM:2001:C:Average:900
ME2 CYL1 LINER 2 TEM:2002:C:Average:900;testME2 CYL1 LINER 2 TEM:2002:C:Average:900
ME2 CYL1 LINER 3 TEM:2003:C:Average:900;testME2 CYL1 LINER 3 TEM:2003:C:Average:900
ME2 CYL1 VC EXH TEMP:2101:C:Average:900;testME2 CYL1 VC EXH TEMP:2101:C:Average:900
ME2 CYL1 VD EXH TEMP:2102:C:Average:900;testME2 CYL1 VD EXH TEMP:2102:C:Average:900
ME2 CYL2 LINER 1 TEM:2004:C:Average:900;testME2 CYL2 LINER 1 TEM:2004:C:Average:900
ME2 CYL2 LINER 2 TEM:2005:C:Average:900;testME2 CYL2 LINER 2 TEM:2005:C:Average:900
ME2 CYL2 LINER 3 TEM:2006:C:Average:900;testME2 CYL2 LINER 3 TEM:2006:C:Average:900
ME2 CYL2 VC EXH TEMP:2103:C:Average:900;testME2 CYL2 VC EXH TEMP:2103:C:Average:900
ME2 CYL2 VD EXH TEMP:2104:C:Average:900;testME2 CYL2 VD EXH TEMP:2104:C:Average:900
ME2 CYL3 LINER 1 TEM:2007:C:Average:900;testME2 CYL3 LINER 1 TEM:2007:C:Average:900
ME2 CYL3 LINER 2 TEM:2008:C:Average:900;testME2 CYL3 LINER 2 TEM:2008:C:Average:900
ME2 CYL3 LINER 3 TEM:2009:C:Average:900;testME2 CYL3 LINER 3 TEM:2009:C:Average:900
ME2 CYL3 VC EXH TEMP:2105:C:Average:900;testME2 CYL3 VC EXH TEMP:2105:C:Average:900
ME2 CYL3 VD EXH TEMP:2106:C:Average:900;testME2 CYL3 VD EXH TEMP:2106:C:Average:900
ME2 CYL4 LINER 1 TEM:2010:C:Average:900;testME2 CYL4 LINER 1 TEM:2010:C:Average:900
ME2 CYL4 LINER 2 TEM:2011:C:Average:900;testME2 CYL4 LINER 2 TEM:2011:C:Average:900
ME2 CYL4 LINER 3 TEM:2012:C:Average:900;testME2 CYL4 LINER 3 TEM:2012:C:Average:900
ME2 CYL4 VC EXH TEMP:2107:C:Average:900;testME2 CYL4 VC EXH TEMP:2107:C:Average:900
ME2 CYL4 VD EXH TEMP:2108:C:Average:900;testME2 CYL4 VD EXH TEMP:2108:C:Average:900
ME2 CYL5 LINER 1 TEM:2013:C:Average:900;testME2 CYL5 LINER 1 TEM:2013:C:Average:900
ME2 CYL5 LINER 2 TEM:2014:C:Average:900;testME2 CYL5 LINER 2 TEM:2014:C:Average:900
ME2 CYL5 LINER 3 TEM:2015:C:Average:900;testME2 CYL5 LINER 3 TEM:2015:C:Average:900
ME2 CYL5 VC EXH TEMP:2109:C:Average:900;testME2 CYL5 VC EXH TEMP:2109:C:Average:900
ME2 CYL5 VD EXH TEMP:2110:C:Average:900;testME2 CYL5 VD EXH TEMP:2110:C:Average:900
ME2 CYL6 LINER 1 TEM:2016:C:Average:900;testME2 CYL6 LINER 1 TEM:2016:C:Average:900
ME2 CYL6 LINER 2 TEM:2017:C:Average:900;testME2 CYL6 LINER 2 TEM:2017:C:Average:900
ME2 CYL6 LINER 3 TEM:2018:C:Average:900;testME2 CYL6 LINER 3 TEM:2018:C:Average:900
ME2 CYL6 VC EXH TEMP:2111:C:Average:900;testME2 CYL6 VC EXH TEMP:2111:C:Average:900
ME2 CYL6 VD EXH TEMP:2112:C:Average:900;testME2 CYL6 VD EXH TEMP:2112:C:Average:900
ME2 ENGINE SPEED:2364:rpm:Average:3600;testME2 ENGINE SPEED:2364:rpm:Average:3600
ME2 ENGINE SPEED:2364:rpm:Average:900;testME2 ENGINE SPEED:2364:rpm:Average:900
ME2 ENGINE SPEED:2364:rpm:Raw data:900;testME2 ENGINE SPEED:2364:rpm:Raw data:900
ME2 EXH GAS MEAN:2125:C:Average:3600;testME2 EXH GAS MEAN:2125:C:Average:3600
ME2 EXH GAS MEAN:2125:C:Average:900;testME2 EXH GAS MEAN:2125:C:Average:900
ME2 EXH GAS MEAN:2125:C:Raw data:900;testME2 EXH GAS MEAN:2125:C:Raw data:900
ME2 FO FILTER:2303:-:Average:900;testME2 FO FILTER:2303:-:Average:900
ME2 FO HP PIPE:2311:-:Average:900;testME2 FO HP PIPE:2311:-:Average:900
ME2 FO INLET PRESS:2301:bar:Average:900;testME2 FO INLET PRESS:2301:bar:Average:900
ME2 FO INLET TEMP:2302:C:Average:900;testME2 FO INLET TEMP:2302:C:Average:900
ME2 FUEL RACK POSIT:20005:%:Average:3600;testME2 FUEL RACK POSIT:20005:%:Average:3600
ME2 FUEL RACK POSIT:20005:%:Average:900;testME2 FUEL RACK POSIT:20005:%:Average:900
ME2 FUEL RACK POSIT:20005:%:Raw data:900;testME2 FUEL RACK POSIT:20005:%:Raw data:900
ME2 HT INLET PRESS:2201:bar:Average:900;testME2 HT INLET PRESS:2201:bar:Average:900
ME2 HT INLET PRESS:2211:-:Average:900;testME2 HT INLET PRESS:2211:-:Average:900
ME2 HT OUTLET TEMP:2203:C:Average:900;testME2 HT OUTLET TEMP:2203:C:Average:900
ME2 HT OUTLET TEMP:2212:-:Average:900;testME2 HT OUTLET TEMP:2212:-:Average:900
ME2 HT OUTLET TEMP:2212SHD:-:Average:900;testME2 HT OUTLET TEMP:2212SHD:-:Average:900
ME2 HT TEMP HIGH OUT:2213:-:Average:900;testME2 HT TEMP HIGH OUT:2213:-:Average:900
ME2 HT WATR INL TEMP:2202:C:Average:900;testME2 HT WATR INL TEMP:2202:C:Average:900
ME2 LO AUTO FILTER:2324:-:Average:900;testME2 LO AUTO FILTER:2324:-:Average:900
ME2 LO FILTER:2325:-:Average:900;testME2 LO FILTER:2325:-:Average:900
ME2 LO INLET PRESS:2321:bar:Average:900;testME2 LO INLET PRESS:2321:bar:Average:900
ME2 LO INLET PRESS:2326:-:Average:900;testME2 LO INLET PRESS:2326:-:Average:900
ME2 LO INLET TEMP:2322:C:Average:900;testME2 LO INLET TEMP:2322:C:Average:900
ME2 LO INLET TEMP:2327:-:Average:900;testME2 LO INLET TEMP:2327:-:Average:900
ME2 LO PRESS GEAR:2328:-:Average:900;testME2 LO PRESS GEAR:2328:-:Average:900
ME2 LO PRESS TC INLE:2323:bar:Average:900;testME2 LO PRESS TC INLE:2323:bar:Average:900
ME2 LO TEMP TC OUTLE:2329:C:Average:900;testME2 LO TEMP TC OUTLE:2329:C:Average:900
ME2 LT INLET PRESS:2251:bar:Average:900;testME2 LT INLET PRESS:2251:bar:Average:900
ME2 LT INLET TEMP:2252:C:Average:900;testME2 LT INLET TEMP:2252:C:Average:900
ME2 RUNNING:20004:-:Average:3600;testME2 RUNNING:20004:-:Average:3600
ME2 RUNNING:20004:-:Raw data:900;testME2 RUNNING:20004:-:Raw data:900
ME2 SCR CF54 RED AG:2441:l/h:Average:900;testME2 SCR CF54 RED AG:2441:l/h:Average:900
ME2 SCR CP153 COMP A:2418:-:Average:900;testME2 SCR CP153 COMP A:2418:-:Average:900
ME2 SCR CP154 COMP A:2417:-:Average:900;testME2 SCR CP154 COMP A:2417:-:Average:900
ME2 SCR CP53 RED AG:2442:bar:Average:900;testME2 SCR CP53 RED AG:2442:bar:Average:900
ME2 SCR CP58 DIFF PR:2438:mbar:Average:900;testME2 SCR CP58 DIFF PR:2438:mbar:Average:900
ME2 SCR CT55 TEMP IN:2439:C:Average:900;testME2 SCR CT55 TEMP IN:2439:C:Average:900
ME2 SCR CT56 TEMP OT:2440:C:Average:900;testME2 SCR CT56 TEMP OT:2440:C:Average:900
ME2 SCR FUSE FAULT:2412:-:Average:900;testME2 SCR FUSE FAULT:2412:-:Average:900
ME2 SCR GAS SAMPLE L:2422:-:Average:900;testME2 SCR GAS SAMPLE L:2422:-:Average:900
ME2 SCR GAS SAMPLE P:2421:-:Average:900;testME2 SCR GAS SAMPLE P:2421:-:Average:900
ME2 SCR LOAD SIGNAL:2423:-:Average:900;testME2 SCR LOAD SIGNAL:2423:-:Average:900
ME2 SCR NOX LEVEL:2444:ppm:Average:900;testME2 SCR NOX LEVEL:2444:ppm:Average:900
ME2 SCR NOX LEVEL:2444CALC:g/kWh:Average:900;testME2 SCR NOX LEVEL:2444CALC:g/kWh:Average:900
ME2 SPEED MEASURING:2372:-:Average:900;testME2 SPEED MEASURING:2372:-:Average:900
ME2 START AIR PRESS:2345:bar:Average:900;testME2 START AIR PRESS:2345:bar:Average:900
ME2 T/C SPEED:20006:rpm:Average:3600;testME2 T/C SPEED:20006:rpm:Average:3600
ME2 T/C SPEED:20006:rpm:Average:900;testME2 T/C SPEED:20006:rpm:Average:900
ME2 T/C SPEED:20006:rpm:Raw data:900;testME2 T/C SPEED:20006:rpm:Raw data:900
ME2 TC BY-PASS VALVE:2368:-:Average:3600;testME2 TC BY-PASS VALVE:2368:-:Average:3600
ME2 TC BY-PASS VALVE:2368:-:Raw data:900;testME2 TC BY-PASS VALVE:2368:-:Raw data:900
ME2 TC INL EXH TEMP:2161:C:Average:3600;testME2 TC INL EXH TEMP:2161:C:Average:3600
ME2 TC INL EXH TEMP:2161:C:Average:900;testME2 TC INL EXH TEMP:2161:C:Average:900
ME2 TC INL EXH TEMP:2161:C:Raw data:900;testME2 TC INL EXH TEMP:2161:C:Raw data:900
ME2 TC OTL EXH TEMP:2162:C:Average:3600;testME2 TC OTL EXH TEMP:2162:C:Average:3600
ME2 TC OTL EXH TEMP:2162:C:Average:900;testME2 TC OTL EXH TEMP:2162:C:Average:900
ME2 TC OTL EXH TEMP:2162:C:Raw data:900;testME2 TC OTL EXH TEMP:2162:C:Raw data:900
ME2/4 BOOST FO VLV:61121:-:Average:900;testME2/4 BOOST FO VLV:61121:-:Average:900
ME2/4 BOOST FO VLV:61121:-:Raw data:900;testME2/4 BOOST FO VLV:61121:-:Raw data:900
ME2/4 HT PREH PUMP:64134:nan:Average:900;testME2/4 HT PREH PUMP:64134:nan:Average:900
ME2/4|AE2/4 BOOST PR:6153:bar:Raw data:900;testME2/4|AE2/4 BOOST PR:6153:bar:Raw data:900
ME2/4|AE2/4 BOOST UN:6140:-:Average:900;testME2/4|AE2/4 BOOST UN:6140:-:Average:900
ME2/4|AE2/4 BOOST UN:6140:-:Raw data:900;testME2/4|AE2/4 BOOST UN:6140:-:Raw data:900
ME2/4|AE2/4 FEED PR.:6151:bar:Raw data:900;testME2/4|AE2/4 FEED PR.:6151:bar:Raw data:900
ME2/4|AE2/4 SW TEMP:6413:C:Average:900;testME2/4|AE2/4 SW TEMP:6413:C:Average:900
ME2/4|AE2/4 SW TEMP:6413V:%:Average:900;testME2/4|AE2/4 SW TEMP:6413V:%:Average:900
ME3 CA PRESS COOL OU:3342:bar:Average:900;testME3 CA PRESS COOL OU:3342:bar:Average:900
ME3 CA TEMP COOL OUT:3343:C:Average:900;testME3 CA TEMP COOL OUT:3343:C:Average:900
ME3 CHARGE AIR TEMP:3347:C:Average:900;testME3 CHARGE AIR TEMP:3347:C:Average:900
ME3 CHARGE AIR TEMP:3347V:%:Average:900;testME3 CHARGE AIR TEMP:3347V:%:Average:900
ME3 CYL1 LINER 1 TEM:3001:C:Average:900;testME3 CYL1 LINER 1 TEM:3001:C:Average:900
ME3 CYL1 LINER 2 TEM:3002:C:Average:900;testME3 CYL1 LINER 2 TEM:3002:C:Average:900
ME3 CYL1 LINER 3 TEM:3003:C:Average:900;testME3 CYL1 LINER 3 TEM:3003:C:Average:900
ME3 CYL1 VC EXH TEMP:3101:C:Average:900;testME3 CYL1 VC EXH TEMP:3101:C:Average:900
ME3 CYL1 VD EXH TEMP:3102:C:Average:900;testME3 CYL1 VD EXH TEMP:3102:C:Average:900
ME3 CYL2 LINER 1 TEM:3004:C:Average:900;testME3 CYL2 LINER 1 TEM:3004:C:Average:900
ME3 CYL2 LINER 2 TEM:3005:C:Average:900;testME3 CYL2 LINER 2 TEM:3005:C:Average:900
ME3 CYL2 LINER 3 TEM:3006:C:Average:900;testME3 CYL2 LINER 3 TEM:3006:C:Average:900
ME3 CYL2 VC EXH TEMP:3103:C:Average:900;testME3 CYL2 VC EXH TEMP:3103:C:Average:900
ME3 CYL2 VD EXH TEMP:3104:C:Average:900;testME3 CYL2 VD EXH TEMP:3104:C:Average:900
ME3 CYL3 LINER 1 TEM:3007:C:Average:900;testME3 CYL3 LINER 1 TEM:3007:C:Average:900
ME3 CYL3 LINER 2 TEM:3008:C:Average:900;testME3 CYL3 LINER 2 TEM:3008:C:Average:900
ME3 CYL3 LINER 3 TEM:3009:C:Average:900;testME3 CYL3 LINER 3 TEM:3009:C:Average:900
ME3 CYL3 VC EXH TEMP:3105:C:Average:900;testME3 CYL3 VC EXH TEMP:3105:C:Average:900
ME3 CYL3 VD EXH TEMP:3106:C:Average:900;testME3 CYL3 VD EXH TEMP:3106:C:Average:900
ME3 CYL4 LINER 1 TEM:3010:C:Average:900;testME3 CYL4 LINER 1 TEM:3010:C:Average:900
ME3 CYL4 LINER 2 TEM:3011:C:Average:900;testME3 CYL4 LINER 2 TEM:3011:C:Average:900
ME3 CYL4 LINER 3 TEM:3012:C:Average:900;testME3 CYL4 LINER 3 TEM:3012:C:Average:900
ME3 CYL4 VC EXH TEMP:3107:C:Average:900;testME3 CYL4 VC EXH TEMP:3107:C:Average:900
ME3 CYL4 VD EXH TEMP:3108:C:Average:900;testME3 CYL4 VD EXH TEMP:3108:C:Average:900
ME3 CYL5 LINER 1 TEM:3013:C:Average:900;testME3 CYL5 LINER 1 TEM:3013:C:Average:900
ME3 CYL5 LINER 2 TEM:3014:C:Average:900;testME3 CYL5 LINER 2 TEM:3014:C:Average:900
ME3 CYL5 LINER 3 TEM:3015:C:Average:900;testME3 CYL5 LINER 3 TEM:3015:C:Average:900
ME3 CYL5 VC EXH TEMP:3109:C:Average:900;testME3 CYL5 VC EXH TEMP:3109:C:Average:900
ME3 CYL5 VD EXH TEMP:3110:C:Average:900;testME3 CYL5 VD EXH TEMP:3110:C:Average:900
ME3 CYL6 LINER 1 TEM:3016:C:Average:900;testME3 CYL6 LINER 1 TEM:3016:C:Average:900
ME3 CYL6 LINER 2 TEM:3017:C:Average:900;testME3 CYL6 LINER 2 TEM:3017:C:Average:900
ME3 CYL6 LINER 3 TEM:3018:C:Average:900;testME3 CYL6 LINER 3 TEM:3018:C:Average:900
ME3 CYL6 VC EXH TEMP:3111:C:Average:900;testME3 CYL6 VC EXH TEMP:3111:C:Average:900
ME3 CYL6 VD EXH TEMP:3112:C:Average:900;testME3 CYL6 VD EXH TEMP:3112:C:Average:900
ME3 ENGINE SPEED:3364:rpm:Average:3600;testME3 ENGINE SPEED:3364:rpm:Average:3600
ME3 ENGINE SPEED:3364:rpm:Average:900;testME3 ENGINE SPEED:3364:rpm:Average:900
ME3 ENGINE SPEED:3364:rpm:Raw data:900;testME3 ENGINE SPEED:3364:rpm:Raw data:900
ME3 EXH GAS MEAN:3125:C:Average:3600;testME3 EXH GAS MEAN:3125:C:Average:3600
ME3 EXH GAS MEAN:3125:C:Average:900;testME3 EXH GAS MEAN:3125:C:Average:900
ME3 EXH GAS MEAN:3125:C:Raw data:900;testME3 EXH GAS MEAN:3125:C:Raw data:900
ME3 FO INLET PRESS:3301:bar:Average:900;testME3 FO INLET PRESS:3301:bar:Average:900
ME3 FO INLET TEMP:3302:C:Average:900;testME3 FO INLET TEMP:3302:C:Average:900
ME3 FUEL RACK POSIT:30005:%:Average:3600;testME3 FUEL RACK POSIT:30005:%:Average:3600
ME3 FUEL RACK POSIT:30005:%:Average:900;testME3 FUEL RACK POSIT:30005:%:Average:900
ME3 FUEL RACK POSIT:30005:%:Raw data:900;testME3 FUEL RACK POSIT:30005:%:Raw data:900
ME3 HT INLET PRESS:3201:bar:Average:900;testME3 HT INLET PRESS:3201:bar:Average:900
ME3 HT INLET PRESS:3211:-:Average:900;testME3 HT INLET PRESS:3211:-:Average:900
ME3 HT OUTLET TEMP:3203:C:Average:900;testME3 HT OUTLET TEMP:3203:C:Average:900
ME3 HT OUTLET TEMP:3212:-:Average:900;testME3 HT OUTLET TEMP:3212:-:Average:900
ME3 HT OUTLET TEMP:3212SHD:-:Average:900;testME3 HT OUTLET TEMP:3212SHD:-:Average:900
ME3 HT WATR INL TEMP:3202:C:Average:900;testME3 HT WATR INL TEMP:3202:C:Average:900
ME3 LO INLET PRESS:3321:bar:Average:900;testME3 LO INLET PRESS:3321:bar:Average:900
ME3 LO INLET PRESS:3326:-:Average:900;testME3 LO INLET PRESS:3326:-:Average:900
ME3 LO INLET TEMP:3322:C:Average:900;testME3 LO INLET TEMP:3322:C:Average:900
ME3 LO INLET TEMP:3327:-:Average:900;testME3 LO INLET TEMP:3327:-:Average:900
ME3 LO TEMP TC OUTLE:3329:C:Average:900;testME3 LO TEMP TC OUTLE:3329:C:Average:900
ME3 LT INLET PRESS:3251:bar:Average:900;testME3 LT INLET PRESS:3251:bar:Average:900
ME3 LT INLET TEMP:3252:C:Average:900;testME3 LT INLET TEMP:3252:C:Average:900
ME3 RUNNING:30004:-:Average:3600;testME3 RUNNING:30004:-:Average:3600
ME3 RUNNING:30004:-:Raw data:900;testME3 RUNNING:30004:-:Raw data:900
ME3 SCR CF54 RED AG:3441:l/h:Average:900;testME3 SCR CF54 RED AG:3441:l/h:Average:900
ME3 SCR CP153 COMP A:3418:-:Average:900;testME3 SCR CP153 COMP A:3418:-:Average:900
ME3 SCR CP154 COMP A:3417:-:Average:900;testME3 SCR CP154 COMP A:3417:-:Average:900
ME3 SCR CP53 RED AG:3442:bar:Average:900;testME3 SCR CP53 RED AG:3442:bar:Average:900
ME3 SCR CP58 DIFF PR:3438:mbar:Average:900;testME3 SCR CP58 DIFF PR:3438:mbar:Average:900
ME3 SCR CT55 TEMP IN:3439:C:Average:900;testME3 SCR CT55 TEMP IN:3439:C:Average:900
ME3 SCR CT56 TEMP OT:3440:C:Average:900;testME3 SCR CT56 TEMP OT:3440:C:Average:900
ME3 SCR FUSE FAULT:3412:-:Average:900;testME3 SCR FUSE FAULT:3412:-:Average:900
ME3 SCR GAS SAMPLE L:3422:-:Average:900;testME3 SCR GAS SAMPLE L:3422:-:Average:900
ME3 SCR GAS SAMPLE P:3421:-:Average:900;testME3 SCR GAS SAMPLE P:3421:-:Average:900
ME3 SCR LOAD SIGNAL:3423:-:Average:900;testME3 SCR LOAD SIGNAL:3423:-:Average:900
ME3 SCR NOX LEVEL:3444:ppm:Average:900;testME3 SCR NOX LEVEL:3444:ppm:Average:900
ME3 SCR NOX LEVEL:3444CALC:g/kWh:Average:900;testME3 SCR NOX LEVEL:3444CALC:g/kWh:Average:900
ME3 SPEED MEASURING:3372:-:Average:900;testME3 SPEED MEASURING:3372:-:Average:900
ME3 T/C SPEED:30006:rpm:Average:3600;testME3 T/C SPEED:30006:rpm:Average:3600
ME3 T/C SPEED:30006:rpm:Average:900;testME3 T/C SPEED:30006:rpm:Average:900
ME3 T/C SPEED:30006:rpm:Raw data:900;testME3 T/C SPEED:30006:rpm:Raw data:900
ME3 TC BY-PASS VALVE:3368:-:Average:3600;testME3 TC BY-PASS VALVE:3368:-:Average:3600
ME3 TC BY-PASS VALVE:3368:-:Raw data:900;testME3 TC BY-PASS VALVE:3368:-:Raw data:900
ME3 TC INL EXH TEMP:3161:C:Average:3600;testME3 TC INL EXH TEMP:3161:C:Average:3600
ME3 TC INL EXH TEMP:3161:C:Average:900;testME3 TC INL EXH TEMP:3161:C:Average:900
ME3 TC INL EXH TEMP:3161:C:Raw data:900;testME3 TC INL EXH TEMP:3161:C:Raw data:900
ME3 TC OTL EXH TEMP:3162:C:Average:3600;testME3 TC OTL EXH TEMP:3162:C:Average:3600
ME3 TC OTL EXH TEMP:3162:C:Average:900;testME3 TC OTL EXH TEMP:3162:C:Average:900
ME3 TC OTL EXH TEMP:3162:C:Raw data:900;testME3 TC OTL EXH TEMP:3162:C:Raw data:900
ME4 CA PRESS COOL OU:4342:bar:Average:900;testME4 CA PRESS COOL OU:4342:bar:Average:900
ME4 CA TEMP COOL OUT:4343:C:Average:900;testME4 CA TEMP COOL OUT:4343:C:Average:900
ME4 CYL1 LINER 1 TEM:4001:C:Average:900;testME4 CYL1 LINER 1 TEM:4001:C:Average:900
ME4 CYL1 LINER 2 TEM:4002:C:Average:900;testME4 CYL1 LINER 2 TEM:4002:C:Average:900
ME4 CYL1 LINER 3 TEM:4003:C:Average:900;testME4 CYL1 LINER 3 TEM:4003:C:Average:900
ME4 CYL1 VC EXH TEMP:4101:C:Average:900;testME4 CYL1 VC EXH TEMP:4101:C:Average:900
ME4 CYL1 VD EXH TEMP:4102:C:Average:900;testME4 CYL1 VD EXH TEMP:4102:C:Average:900